static,update,url,pfp_url,init_game,init_monkey,init_bloon,name,game_count,monkeys_placed,bloons_popped,time,time_game_time,tiers,tiers_game_time,cash,cash_game_time,daily_chest,init_follower,follower,time_ago,init_dart,init_boomer,init_bomb,init_tack,init_ice,init_glue,init_sniper,init_sub,init_boat,init_ace,init_heli,init_mortar,init_dartling,init_wizard,init_super,init_ninja,init_alch,init_druid,init_merm,init_farm,init_spac,init_village,init_engie,init_beast,init_brickell,init_adora,init_benjamin,init_churchill,init_corvus,init_etienne,init_ezili,init_geraldo,init_gwendolin,init_obyn,init_pat,init_psi,init_quincy,init_rosalia,init_sauda,init_jones,dart,boomer,bomb,tack,ice,glue,sniper,sub,boat,ace,heli,mortar,dartling,wizard,super,ninja,alch,druid,merm,farm,spac,village,engie,beast,brickell,adora,benjamin,churchill,corvus,etienne,ezili,geraldo,gwendolin,obyn,pat,psi,quincy,rosalia,sauda,jones,last_online,last_online_time,last_update,scoringType
,1,https://data.ninjakiwi.com/btd6/users/9fbf43d9d796aaac1c41de4e5e7be672cc511aeacc138a39,https://static-api.nkstatic.com/appdocs/4/assets/opendata/db32af61df5646951a18c60fe0013a31_ProfileAvatar01.png,90161,504936,2296294000,i am rubbish,255,784,929568,0.0,0.0,0.0,0.0,227605,1046500,1361,7401,29,,44252,19595,28958,37224,37057,7951,5903,18114,22992,18523,1485,11084,2995,21492,3180,7409,70913,35390,4785,19888,2923,15503,6941,11000,2021,191,9693,1705,790,1672,514,3609,7328,1910,3427,178,1553,2700,8474,3613,13,64,0,5,1,58,54,3,59,0,0,0,0,2,1,5,165,1,2,145,2,141,2,0,0,0,2,0,0,0,0,0,0,0,0,0,0,0,59,0,0,,5,LeastCash
,1,https://data.ninjakiwi.com/btd6/users/9fbc1289d6c3ada04916881f5774b574c9021be99f11de3b,https://static-api.nkstatic.com/appdocs/4/assets/opendata/e02041c502508f551690933405cb548d_ProfileAvatar96.png,9313,141925,879851029,animal,1,1361,564543,0.0,0.0,0.0,0.0,227605,1070200,557,3425,7,,12924,3172,7230,3228,6014,1469,6215,5639,11056,4847,1370,823,1908,3242,3045,3800,6547,5579,319,18220,6316,11959,11211,1002,243,141,812,143,40,130,387,474,1596,179,62,28,143,10,355,46,49,22,0,20,10,3,110,63,29,69,6,3,6,40,0,44,10,0,3,176,445,139,98,13,0,0,0,0,0,0,3,0,0,0,0,0,0,0,0,0,0,,15,nan
,0,https://data.ninjakiwi.com/btd6/users/9cec428cdc9eabf71c13871a0972e47ec8501bee9b42d96c,https://static-api.nkstatic.com/appdocs/4/assets/opendata/74f14994aa1c578f556126fe6cdcfded_ProfileAvatar85.png,26899,176412,987157190,Theanchorisoff,4,50,291928,0.0,0.0,0.0,0.0,212760,1092200,1571,1737,65,,14217,6660,3132,5286,3999,2019,4820,6697,9178,3281,1115,836,1756,3454,3751,7609,5161,3637,92,18329,5306,11773,7850,692,226,157,1803,356,80,365,312,874,1597,1159,589,116,893,15,257,67,2,0,0,0,0,0,2,0,0,1,0,0,0,4,0,25,6,2,1,4,0,1,0,0,0,0,2,0,0,0,0,0,0,0,0,0,0,0,0,0,1587,,59,nan
,0,https://data.ninjakiwi.com/btd6/users/9ce9428c899ff9a11045dc430922e77ec9571cb49c17db3d,https://static-api.nkstatic.com/appdocs/4/assets/opendata/8786323c7af885fd6d24da2291ce33fa_ProfileAvatar88.png,11945,54352,286920696,E,36,73,838722,0.0,0.0,0.0,0.0,228725,1180700,567,340,0,,4666,1567,1833,2340,2197,690,3004,2924,3214,1668,677,687,740,2060,885,1231,1355,1443,60,9798,899,3041,2958,287,112,141,1294,36,2,191,171,477,779,82,143,71,78,6,510,34,8,0,11,0,0,1,0,0,1,0,25,0,4,0,0,0,4,0,0,0,0,0,0,0,0,0,0,19,0,0,0,0,0,0,0,0,0,0,0,0,0,,0,nan
,0,https://data.ninjakiwi.com/btd6/users/9fba16d9d897faf31c10894d5a77b7739d0c19bbcc148d3a,https://static-api.nkstatic.com/appdocs/4/assets/opendata/8c405921ff0379d066d6bbe3276fa8a6_ProfileAvatar02.png,2858,15340,229778099,G-Master,18,26,973194,0.0,0.0,0.0,0.0,243515,1087900,457,3,0,,933,640,314,476,628,434,732,392,774,406,471,379,222,509,352,623,863,585,142,1424,449,933,568,431,45,43,61,41,45,56,57,221,263,170,27,44,80,13,438,55,0,0,0,0,1,2,0,0,0,0,0,0,0,1,1,0,1,4,2,0,0,0,9,0,0,0,0,0,0,1,0,1,0,1,0,0,0,1,1,0,147,,0,nan
,0,https://data.ninjakiwi.com/btd6/users/9ce9418cdac2a8a14e458a4e5871e77f98511feaca118a3e,https://static-api.nkstatic.com/appdocs/4/assets/opendata/4f4e181a56ff01af1cfd934d2d8da55d_ProfileAvatar90.png,15952,124784,740052771,FraiseTagada,1,11,260045,0.0,0.0,0.0,0.0,243525,1229000,725,121,1,,14384,4983,4685,4516,4134,1905,7285,6054,5705,2709,1620,1124,1172,3537,2706,6798,8337,2725,85,13849,5113,9742,6404,228,139,299,567,115,0,649,86,439,336,398,283,164,323,17,896,272,0,1,0,0,0,0,4,0,0,0,0,0,0,0,0,0,2,0,0,0,0,2,0,1,0,0,0,0,0,0,0,0,0,0,0,0,0,0,1,0,3254,,0,nan
,1,https://data.ninjakiwi.com/btd6/users/9ce942ded897fead1c42dc4a0a7ae77ecb071aba99458d69,https://static-api.nkstatic.com/appdocs/4/assets/opendata/c222d33c20b59c0a4d8d85fcb20e9ef4_ProfileAvatar33.png,14241,94074,871614201,Player_0,49,668,15102476,0.0,0.0,0.0,0.0,227605,1102800,639,32,1,,8402,3451,1749,4464,2509,1906,8469,4345,5441,2667,622,801,1013,1822,2205,4856,6332,3903,315,11758,3000,5110,1976,664,191,138,420,64,35,299,68,394,130,231,152,2857,316,13,569,415,15,8,6,1,10,30,15,13,113,56,1,3,2,2,11,32,66,8,29,45,51,86,35,-11,1,0,1,0,0,37,-2,0,0,0,0,0,0,0,4,0,406,,0,nan
,0,https://data.ninjakiwi.com/btd6/users/9fb91f89d793afa41f44dc485870e6729f041db9ca12dc3a,https://static-api.nkstatic.com/appdocs/4/assets/opendata/d7efbd08a6cafa2f17faaced7068317a_ProfileAvatar91.png,2552,35350,293486397,Shrimploon,133,848,8051543,0.0,0.0,0.0,0.0,244170,1241300,238,4,0,,3875,1146,414,1908,1228,832,909,1357,2623,1235,279,221,305,562,825,1480,1216,1522,493,4763,1939,2472,2297,230,12,0,84,109,3,3,46,174,36,117,14,19,214,0,348,39,157,318,18,4,0,71,1,0,60,0,0,0,0,0,0,5,10,36,0,0,0,85,0,0,0,0,0,0,0,0,0,0,0,0,0,0,83,0,0,0,374,,0,nan
,0,https://data.ninjakiwi.com/btd6/users/9fbc1e8ddec5adac494586185f22ef77c85014be9a468b38,https://static-api.nkstatic.com/appdocs/4/assets/opendata/6449232064814cb0ab3a695f10f67244_ProfileAvatar92.png,4364,32125,253084267,Cat Master,6,518,1621308,0.0,0.0,0.0,0.0,244285,1063600,444,7,0,,2354,1283,1223,1493,649,771,1260,1245,3389,1457,593,423,907,1207,817,2080,795,1294,422,2583,533,1678,1399,799,77,56,46,90,13,80,53,108,111,99,98,105,139,50,214,131,15,1,0,0,1,3,3,52,31,1,2,3,1,0,0,66,4,0,3,110,0,31,74,113,0,0,1,1,0,0,2,0,0,0,0,0,0,0,0,0,71,,0,nan
,0,https://data.ninjakiwi.com/btd6/users/9fba12de8e96ada519168d1e5d70b026990d19becf10de3e,https://static-api.nkstatic.com/appdocs/4/assets/opendata/915b9da1e2680be3b720bb25544f08e1_ProfileAvatar77.png,2558,31613,375207145,Valnador,4,506,707089,0.0,0.0,0.0,0.0,244670,1206100,478,4,0,,3425,1403,421,474,429,481,1382,1254,3911,845,348,155,244,507,382,2761,1280,1132,327,5289,469,1862,1119,310,103,17,274,29,17,39,34,87,54,86,25,37,149,56,351,44,1,29,0,0,4,4,3,25,89,55,1,0,0,0,0,28,2,2,2,130,42,28,44,16,0,0,1,0,0,0,0,0,0,0,0,0,0,0,0,0,2911,,0,nan
,0,https://data.ninjakiwi.com/btd6/users/9ced11dfdb92fea41b4ad94e5675e474cd014fb4cc138a3b,https://static-api.nkstatic.com/appdocs/4/assets/opendata/2169a90f4f5bc2faaff8dcc09b7cccf2_ProfileAvatar19.png,30875,177425,1018777289,Kirtap,4,34,803589,0.0,0.0,0.0,0.0,244750,1051000,898,101,0,,19520,7181,7141,12285,11538,3272,4271,6526,6538,5496,1318,3802,1464,5958,1386,5141,16868,10616,235,14825,2330,9773,4116,739,303,65,1020,959,163,397,435,855,4114,310,482,229,558,203,2157,680,2,0,0,0,0,0,0,0,0,0,0,0,0,0,0,0,0,0,0,2,0,6,4,18,0,0,0,0,0,0,2,0,0,0,0,0,0,0,0,0,1745,,0,nan
,0,https://data.ninjakiwi.com/btd6/users/9cb917888c97fdf61e13dd420a70ee70cb0d15e9c813dc3b,https://static-api.nkstatic.com/appdocs/4/assets/opendata/d56343c849e0e59dfb82713e9ff7f1e3_ProfileAvatar84.png,12003,112341,524940665,Nuub,22,374,388210,0.0,0.0,0.0,0.0,244780,1073400,882,431,0,,8495,4264,1357,5930,3319,1479,3954,3840,6942,1695,621,514,1598,1472,2858,4500,3402,1848,24,15312,8857,6702,3975,407,70,63,1145,90,15,59,123,206,941,151,85,19,122,1,258,89,14,0,0,0,0,1,4,48,44,1,0,0,0,10,1,41,3,0,4,75,37,35,52,0,0,0,2,0,0,0,0,1,1,0,0,0,0,0,0,0,170,,0,nan
,0,https://data.ninjakiwi.com/btd6/users/9fba168cd796aca71111de485e26e076cd514eb496168d6d,https://static-api.nkstatic.com/appdocs/4/assets/opendata/4d406ac8b5d3b1490b813296b824b7ef_ProfileAvatar41.png,5789,65216,607687109,PowerLine629,24,391,252738,0.0,0.0,0.0,0.0,244805,954800,563,13,1,,6065,4385,910,2373,1100,954,2115,2322,7141,2023,919,310,726,1916,1687,4578,2484,2504,440,7441,2517,3761,2588,598,146,79,447,119,53,258,95,73,341,270,62,121,369,257,528,140,30,3,1,0,0,3,0,58,11,1,0,0,1,2,0,0,2,0,3,165,0,37,58,0,0,0,10,1,0,0,0,0,0,0,0,0,3,0,2,0,699,,0,nan
,1,https://data.ninjakiwi.com/btd6/users/9ce9418b89c2f9f41a428c1a5a70e77f9d031beeca46d96a,https://static-api.nkstatic.com/appdocs/4/assets/opendata/51524359fcf0d2950590fed2a24ede0e_ProfileAvatar68.png,3616,34864,291357947,VadimX,83,1448,14034690,0.0,0.0,0.0,0.0,593245,728400,169,61,3,,2888,1353,939,2345,1475,606,1076,1470,2375,2022,661,281,577,1279,1389,2040,749,1266,654,2270,2088,1483,1080,977,35,132,218,40,25,89,78,67,73,135,18,18,76,69,388,59,484,32,29,188,2,63,5,248,0,45,2,0,54,35,2,0,2,0,2,5,154,7,54,0,0,0,15,0,0,3,0,0,0,0,0,0,0,2,15,0,116,,0,nan
,0,https://data.ninjakiwi.com/btd6/users/9fbb14d8dec2fcf11b458f480972b22699521aee98108b39,https://static-api.nkstatic.com/appdocs/4/assets/opendata/c91b34aa57f255f02b139d56ce8d083c_ProfileAvatar49.png,2583,20646,165569663,Ballon4421,0,0,0,0.0,0.0,0.0,0.0,244835,971600,194,0,0,,1391,536,584,558,320,354,1142,1314,1812,562,382,302,456,988,399,1387,550,763,33,3707,416,666,676,387,2,6,297,38,31,1,0,51,86,80,0,183,154,0,1,30,0,0,0,0,0,0,0,0,0,0,0,0,0,0,0,0,0,0,0,0,0,0,0,0,0,0,0,0,0,0,0,0,0,0,0,0,0,0,0,0,1390,,0,nan
,0,https://data.ninjakiwi.com/btd6/users/9fbb44ded99ef1a14913de1e5e7ab372ce514eef99438b6a,https://static-api.nkstatic.com/appdocs/4/assets/opendata/27759e5e005688c57acaf5cad2c790ac_ProfileAvatar56.png,2664,25707,218542147,Hemy,18,167,2246803,0.0,0.0,0.0,0.0,244670,1072500,212,3,0,,2443,2296,662,957,238,237,819,643,1643,678,414,163,371,689,290,2008,478,1227,85,5164,1119,1017,634,392,28,20,244,46,10,40,51,36,26,43,20,15,115,9,318,18,14,1,1,4,3,1,6,6,4,2,0,0,1,3,0,2,5,0,0,44,3,12,10,36,0,0,8,1,0,0,0,0,0,0,0,0,0,0,0,0,341,,0,nan
,0,https://data.ninjakiwi.com/btd6/users/9ce9148bdac7fff61847d9180b75e77fce001fb8cb16d831,https://static-api.nkstatic.com/appdocs/4/assets/opendata/c222d33c20b59c0a4d8d85fcb20e9ef4_ProfileAvatar33.png,6139,32183,363120851,Joobnoobt,16,154,1867213,0.0,0.0,0.0,0.0,245110,1123700,374,2,0,,2621,1328,904,1133,659,467,1228,1289,2220,579,776,291,419,1384,1942,2120,1083,2118,303,2571,1985,1290,827,599,78,106,158,62,2,72,26,211,191,213,31,100,199,30,511,56,17,0,1,0,1,2,19,27,5,7,0,0,0,0,0,0,14,8,0,10,8,23,2,0,0,0,9,0,0,0,1,0,0,0,0,0,0,0,0,0,83,,0,nan
,0,https://data.ninjakiwi.com/btd6/users/9fbb4688dbc5aba249118a4f597ae170980748b49c45de3f,https://static-api.nkstatic.com/appdocs/4/assets/opendata/3adb5888878230a9d5c5cb15e12f1fe5_ProfileAvatar111.png,32648,281127,2111227805,ZooL,7,98,532283,0.0,0.0,0.0,0.0,245240,1184300,626,96,1,,23042,7933,19785,6815,4926,3297,8105,7244,18491,35529,2664,2128,2286,6930,4454,8499,19354,5901,705,20111,10145,41322,11961,1655,401,216,541,229,148,1096,289,392,876,531,83,134,490,86,2099,233,0,0,0,0,0,0,0,0,35,1,3,0,0,2,0,0,0,0,0,22,1,29,1,0,0,0,0,0,0,2,0,0,0,0,0,0,2,0,0,0,67,,0,nan
,0,https://data.ninjakiwi.com/btd6/users/9fb8138dd8c0fdad19408b435c22e47e9a0c1aee9e13de6d,https://static-api.nkstatic.com/appdocs/4/assets/opendata/897a07d7352cf7eba60cff2ebc6b4ff4_ProfileAvatar50.png,4455,58737,524240024,Express,162,6242,10874358,,,,,481795,526700,150,21,2,,5615,1279,821,2593,1107,941,1444,3668,5598,1575,771,244,473,2232,1003,894,1106,1628,727,8904,3787,4065,4793,972,93,4,253,37,4,59,74,257,6,116,6,30,117,50,1372,19,150,27,12,236,44,17,33,496,777,255,40,1,24,260,11,195,70,13,67,1711,173,588,952,31,1,5,2,0,0,0,14,1,0,2,0,0,4,2,28,0,26,,0,nan
,0,https://data.ninjakiwi.com/btd6/users/9fbd14d9dec2fdad1e13da195c73e021c85748b9ca18db3b,https://static-api.nkstatic.com/appdocs/4/assets/opendata/1a58e43581cdaafdfb751778c20b01ae_ProfileAvatar30.png,9613,75070,472859287,Diamondorun,0,0,0,0.0,0.0,0.0,0.0,245945,1170800,704,6,0,,5597,3559,3286,3852,2838,1447,3305,2083,3678,2774,789,871,1189,2091,1426,3903,5675,3298,224,9231,1709,4596,3626,396,68,93,428,99,8,353,66,280,450,391,121,59,374,16,715,105,0,0,0,0,0,0,0,0,0,0,0,0,0,0,0,0,0,0,0,0,0,0,0,0,0,0,0,0,0,0,0,0,0,0,0,0,0,0,0,0,83,,0,nan
,0,https://data.ninjakiwi.com/btd6/users/9cec118fdc94aba018148b4d5a71e273c95218ba9817da69,https://static-api.nkstatic.com/appdocs/4/assets/opendata/90c55ab36f3552975a6eb7251c17319d_ProfileAvatar55.png,4858,27632,217952435,Jan587,0,0,0,0.0,0.0,0.0,0.0,245960,1079000,334,5,0,,2146,639,283,651,626,356,753,893,660,371,153,81,256,380,262,934,1262,516,43,1295,509,988,325,136,75,101,98,23,0,55,35,129,348,203,72,30,92,2,373,40,0,0,0,0,0,0,0,0,0,0,0,0,0,0,0,0,0,0,0,0,0,0,0,0,0,0,0,0,0,0,0,0,0,0,0,0,0,0,0,0,83,,0,nan
,0,https://data.ninjakiwi.com/btd6/users/9cec448f8ac0f9a61d138e185c20b47fca061bb5cc11de3e,https://static-api.nkstatic.com/appdocs/4/assets/opendata/ff853797e300ae69f8fbe20acabac75b_ProfileAvatar106.png,1200,8410,95490638,Doodlol1,0,0,0,0.0,0.0,0.0,0.0,246245,1158700,240,0,0,,807,280,436,379,109,169,308,555,273,147,134,139,257,406,256,520,204,266,75,573,328,527,207,214,31,103,30,71,1,10,14,1,41,20,4,21,31,0,424,38,0,0,0,0,0,0,0,0,0,0,0,0,0,0,0,0,0,0,0,0,0,0,0,0,0,0,0,0,0,0,0,0,0,0,0,0,0,0,0,0,83,,0,nan
,0,https://data.ninjakiwi.com/btd6/users/9fbc1fda8dc5aff01d13dc485c76b077cf061bbfca44de6b,https://static-api.nkstatic.com/appdocs/4/assets/opendata/fde872ddfd1aa89d03193297e7d28762_ProfileAvatar75.png,10694,73070,1184078499,Dtshotgames!,0,0,0,0.0,0.0,0.0,0.0,246640,985200,755,6,0,,4634,2961,2262,2120,1862,1198,3048,3037,4922,1650,863,896,698,2338,1943,2761,4626,7558,437,10153,1598,3947,1384,1509,130,51,1030,106,125,194,139,338,176,1060,98,161,125,31,750,150,0,0,0,0,0,0,0,0,0,0,0,0,0,0,0,0,0,0,0,0,0,0,0,0,0,0,0,0,0,0,0,0,0,0,0,0,0,0,0,0,83,,0,nan
,0,https://data.ninjakiwi.com/btd6/users/9fbe16888993aca31b4289195f21e5769f0718becf188d6c,https://static-api.nkstatic.com/appdocs/4/assets/opendata/b8170f4ca681b8c6839efa57e6edf056_ProfileAvatar34.png,21136,144159,1368095383,Gooberbora,1,23,318935,0.0,0.0,0.0,0.0,246640,1045800,1228,30,0,,10371,5983,3025,4779,3196,2985,4527,5185,12485,3516,2354,1267,2805,2938,2519,8677,5457,9889,736,20623,2948,11725,6047,1811,649,458,1116,573,56,574,763,470,479,552,439,368,610,130,786,287,1,0,0,0,0,0,0,0,0,0,0,0,0,0,0,0,0,0,0,1,0,3,2,15,0,0,0,0,0,0,1,0,0,0,0,0,0,0,0,0,0,,0,nan
,0,https://data.ninjakiwi.com/btd6/users/9cbb428a8bc2fdf04a40874d5d77b476cc0248b4c842df3e,https://static-api.nkstatic.com/appdocs/4/assets/opendata/9bc303571d618df5c942b015e66b0276_ProfileAvatar15.png,5723,65217,517579973,fredd,61,478,3029084,0.0,0.0,0.0,0.0,573305,650700,602,37,0,,7945,3617,950,2736,1519,735,1984,1938,5515,1659,693,210,686,1128,1818,5002,1807,3635,155,10684,2141,3976,2080,519,90,135,448,70,42,84,69,108,112,265,50,105,117,16,326,47,116,14,0,27,14,8,30,10,5,1,3,1,2,15,2,26,28,20,14,13,40,26,28,0,0,1,0,0,1,0,7,0,0,2,0,1,2,0,21,0,0,,0,nan
,1,https://data.ninjakiwi.com/btd6/users/9cea118a8cc3fead1b4589420d74e476ce571bba9c46da6c,https://static-api.nkstatic.com/appdocs/4/assets/opendata/63c5274154eebea4740279b7ee0f16ff_ProfileAvatar80.png,4601,25555,262648097,HedgeaphantSux,9,43,647506,0.0,0.0,0.0,0.0,212915,878200,357,80,7,,3353,1013,706,648,494,498,1021,1120,1103,243,356,136,305,652,484,759,946,602,305,2161,621,1374,1028,2860,86,28,32,1,104,42,55,168,56,284,20,16,661,71,3,20,2,0,0,0,0,0,0,0,0,0,0,0,0,0,0,0,2,0,0,1,0,9,3,22,0,0,0,0,0,0,4,0,0,0,0,0,0,0,0,0,285,,0,nan
,1,https://data.ninjakiwi.com/btd6/users/9fbe46888dc7fea34d11dd1d0e26e5769e044bee9c18dd3a,https://static-api.nkstatic.com/appdocs/4/assets/opendata/3adb5888878230a9d5c5cb15e12f1fe5_ProfileAvatar111.png,1832,22095,190052427,TRB Keks,83,259,4233871,0.0,0.0,0.0,0.0,227605,1044400,357,10,6,,2191,1110,378,558,327,352,2477,924,1403,808,313,112,392,713,539,851,587,961,106,3485,592,783,882,379,2,39,132,0,28,14,17,68,98,94,2,8,33,3,324,9,35,12,0,5,2,1,5,4,13,4,0,1,1,4,1,1,8,1,0,46,10,34,10,33,0,4,2,0,2,0,5,0,1,0,1,0,1,0,12,0,374,,0,nan
,0,https://data.ninjakiwi.com/btd6/users/9fba118ddf9ef1a34b17864b0927b774cd521ab59a14d96a,https://static-api.nkstatic.com/appdocs/4/assets/opendata/4f4e181a56ff01af1cfd934d2d8da55d_ProfileAvatar90.png,11146,76660,632460323,CHINA NOMBER 1,46,776,3813717,0.0,0.0,0.0,0.0,227630,1107900,329,54,0,,7607,3687,2366,4098,2612,1916,2823,3279,6314,1740,1062,1247,818,2521,1803,2463,3969,3531,1559,5154,3508,4654,2167,618,578,85,618,217,284,117,237,392,254,451,159,70,302,403,922,54,20,3,17,11,30,4,14,38,68,36,2,0,4,53,2,83,18,40,9,102,11,49,129,4,1,0,5,0,0,0,0,0,8,2,0,0,8,3,2,0,349,,0,nan
,0,https://data.ninjakiwi.com/btd6/users/9fba178dd7c7adf11b168b4f0c77b07f9e041db59e15d06a,https://static-api.nkstatic.com/appdocs/4/assets/opendata/c91b34aa57f255f02b139d56ce8d083c_ProfileAvatar49.png,2419,32758,281373927,proto,6,403,588749,0.0,0.0,0.0,0.0,228745,1027600,288,5,0,,2515,1598,583,1104,477,1454,1145,1445,2638,1375,205,330,550,546,446,2158,731,714,172,6006,1075,2820,1450,304,138,27,154,7,0,1,34,94,11,63,12,42,32,15,243,43,2,28,0,0,1,3,11,13,23,104,0,0,13,0,0,21,2,0,7,97,1,22,32,22,0,0,1,0,0,0,0,0,0,0,0,0,0,0,0,0,3166,,0,nan
,0,https://data.ninjakiwi.com/btd6/users/9fbc1ed9d7c5acf31a46d94d0922b272c5574bbc9c158e6a,https://static-api.nkstatic.com/appdocs/4/assets/opendata/90c55ab36f3552975a6eb7251c17319d_ProfileAvatar55.png,7567,93817,796852337,mili1000,30,592,1474901,0.0,0.0,0.0,0.0,633198,646000,682,49,0,,8635,3974,2124,2435,2190,1757,3883,3303,7509,3784,891,463,1400,2316,1836,6442,3042,3896,840,12661,3595,6613,5170,1475,145,85,507,63,105,82,165,361,267,374,49,105,172,49,971,82,7,25,3,2,7,4,5,46,90,12,3,0,11,29,6,25,8,4,8,106,1,27,114,35,0,0,2,0,0,0,0,1,2,0,0,0,2,4,3,0,0,,0,nan
,0,https://data.ninjakiwi.com/btd6/users/9cec108bddc0fba04d47de1d5a25b372c90c4bbfcd44de69,https://static-api.nkstatic.com/appdocs/4/assets/opendata/2566e9d027fe699d362170b8c8d82ef5_ProfileAvatar43.png,22890,72937,900658611,Hyperion,0,0,0,0.0,0.0,0.0,0.0,244450,1080900,1788,49,0,,3797,1664,1221,1608,1716,1414,2368,2003,4500,1339,951,566,740,1859,1308,2507,3274,2234,13,4594,1162,3735,1459,225,136,155,464,311,0,100,211,196,414,415,202,59,482,6,301,180,0,0,0,0,0,0,0,0,0,0,0,0,0,0,0,0,0,0,0,0,0,0,0,0,0,0,0,0,0,0,0,0,0,0,0,0,0,0,0,0,2766,,0,nan
,0,https://data.ninjakiwi.com/btd6/users/9fbc43dfdcc5fcac194a8a4b5d76e423cd5719edc817d86a,https://static-api.nkstatic.com/appdocs/4/assets/opendata/a5edd53febfe8997b9ab8565dc397225_ProfileAvatar27.png,8471,99258,624463437,bill_door,1,31,1113609,0.0,0.0,0.0,0.0,218370,1259700,781,212,3,,7820,5662,1813,1783,2566,2532,3409,3444,8014,4165,906,289,1207,4138,2020,5664,4169,4694,312,17708,1311,6882,6887,751,60,55,110,20,44,116,66,119,24,107,17,106,87,4,167,9,1,0,0,0,0,2,0,0,0,0,0,0,0,0,0,0,0,0,0,1,0,3,1,22,0,0,0,0,0,0,1,0,0,0,0,0,0,0,0,0,902,,0,nan
,0,https://data.ninjakiwi.com/btd6/users/9fbe448f8990fff04c42dd4d0d26e176ce0d18ea9742de38,https://static-api.nkstatic.com/appdocs/4/assets/opendata/93899ad8b3667da7dad9a785fd827383_ProfileAvatar63.png,4661,50748,388888705,Potato314,17,128,593897,0.0,0.0,0.0,0.0,228885,1070800,788,11,0,,4327,2438,899,1138,726,495,1807,1664,4170,2096,465,227,652,1284,1102,2959,1833,1758,346,10425,1464,2575,2617,1625,51,59,222,113,17,41,18,135,259,97,68,84,225,8,235,23,0,0,2,23,0,8,0,0,23,0,0,0,0,0,4,0,0,37,0,0,0,0,0,21,0,0,0,0,0,0,0,0,0,0,0,0,10,0,0,0,1434,,0,nan
,1,https://data.ninjakiwi.com/btd6/users/9fbf42d9dd93faa44c4b884a5870e67ec95514be96138a38,https://static-api.nkstatic.com/appdocs/4/assets/opendata/27759e5e005688c57acaf5cad2c790ac_ProfileAvatar56.png,10562,61147,594214619,Gato T1,53,272,477455,0.0,0.0,0.0,0.0,244120,1161300,964,87,2,,7294,3287,1273,1863,1767,979,2531,2404,4189,2333,1421,494,988,2094,981,2582,2410,2975,576,6743,1874,3794,1596,189,130,161,978,36,85,146,90,447,686,270,69,119,178,40,1042,32,45,12,0,37,2,4,0,1,5,27,1,1,0,1,0,3,7,1,2,25,2,34,12,34,0,0,3,0,0,0,8,0,0,0,0,0,0,0,5,0,349,,0,nan
,1,https://data.ninjakiwi.com/btd6/users/9cea11d8df90fcf14d17864c5e72e77099004bb4cf15d830,https://static-api.nkstatic.com/appdocs/4/assets/opendata/90c55ab36f3552975a6eb7251c17319d_ProfileAvatar55.png,17580,80198,420609934,Jauk,-3,-28,-816991,0.0,0.0,0.0,0.0,227605,1080800,811,1,4,,6955,6180,3120,1550,1402,891,1766,2570,5339,1925,1060,476,1172,1980,1158,6105,2064,2247,293,14607,1112,4807,1999,1027,42,116,562,93,32,38,69,186,60,299,84,50,321,2,198,98,-2,0,0,1,0,0,0,1,0,1,2,0,0,0,2,2,2,1,0,-6,1,-15,-9,-11,0,0,0,0,0,0,-1,0,0,0,0,0,0,0,3,0,1587,,0,nan
,0,https://data.ninjakiwi.com/btd6/users/9fbe17dfd8c0f8a14d4a8d1e5974e621ca551dbb9843d130,https://static-api.nkstatic.com/appdocs/4/assets/opendata/c8bf00671de2364f03e72ec73bf26419_ProfileAvatar14.png,14338,77713,990508121,chickenshark,2,446,628964,0.0,0.0,0.0,0.0,228410,1029400,1202,90,0,,7079,3689,1502,2531,2258,1460,4265,2921,5554,1834,1230,862,967,1901,2041,4410,3413,3654,136,10559,1917,5020,4645,761,102,161,534,129,13,127,238,212,224,339,46,163,354,15,322,124,29,42,0,0,5,3,2,41,26,24,1,0,1,0,0,21,0,0,3,94,1,9,131,11,0,0,2,0,0,0,0,0,0,0,0,0,0,0,0,0,2856,,0,nan
,0,https://data.ninjakiwi.com/btd6/users/9fbf128dd797f8f01844d94c5970e176ce064bb49d19d06b,https://static-api.nkstatic.com/appdocs/4/assets/opendata/38356e6cb2e0228dd5f5c9c023da5927_ProfileAvatar29.png,8355,69101,721885581,Mist,15,186,1669544,0.0,0.0,0.0,0.0,228410,1154700,287,4,0,,6707,2901,1210,3909,2966,1356,3553,1542,3130,1769,1826,556,958,1887,2252,3082,3224,2351,718,6521,3518,4709,2771,1297,82,172,474,348,104,205,144,51,203,541,116,399,187,56,1149,156,7,0,0,3,9,0,13,1,3,5,14,3,2,6,11,31,17,9,1,28,2,9,0,0,1,0,1,1,0,0,0,1,3,0,0,2,2,0,1,0,975,,0,nan
,1,https://data.ninjakiwi.com/btd6/users/9ce941d88a9faba41e4add4e5f71e421cc0c4bb496448a31,https://static-api.nkstatic.com/appdocs/4/assets/opendata/6cf23cc7397b6d72c8742fddf4df8852_ProfileAvatar69.png,21540,131462,1569027385,FiatAccompli,10,101,1854121,0.0,0.0,0.0,0.0,212180,1034400,652,184,5,,13294,4332,7313,8853,4013,2335,5328,5071,8341,6079,1959,3051,2956,6300,2487,3071,5264,7102,1385,8237,3338,4830,4343,1294,726,272,685,793,130,578,814,490,2426,619,252,481,573,238,1273,535,5,0,0,0,0,0,0,4,10,1,0,0,0,0,0,0,2,0,0,5,0,16,5,47,0,0,0,0,0,0,6,0,0,0,0,0,0,0,0,0,147,,0,nan
,0,https://data.ninjakiwi.com/btd6/users/9fbe178fd792f9f34b45881a5c75e572ca5548bd97438b3c,https://static-api.nkstatic.com/appdocs/4/assets/opendata/b1ef093283db879ae51f4dc27b82a5a0_ProfileAvatar37.png,13461,117390,783459273,Dasius,13,99,1882237,0.0,0.0,0.0,0.0,244615,1026200,344,11,0,,11768,5054,2659,6969,2329,1603,5162,6412,7854,3575,1977,609,1372,3173,1488,5271,6633,2600,95,14797,3678,9573,6435,1038,129,136,778,69,12,286,76,448,121,388,69,237,336,8,2137,35,4,0,0,0,0,2,0,1,0,0,1,0,0,0,0,0,0,0,0,3,1,10,8,65,0,0,0,0,0,0,4,0,0,0,0,0,0,0,0,0,725,,0,nan
,0,https://data.ninjakiwi.com/btd6/users/9cea118b8997acac1b17db420c71e0729e0319bbcf19db3b,https://static-api.nkstatic.com/appdocs/4/assets/opendata/27759e5e005688c57acaf5cad2c790ac_ProfileAvatar56.png,16977,148508,1826540824,Heavenbound22,85,433,21608191,0.0,0.0,0.0,0.0,227970,1107100,1026,84,0,,12231,5263,4959,3975,4402,3185,6056,10013,9304,5213,2620,1579,2292,3989,4151,6550,11421,5412,840,14120,5048,10522,3935,1231,641,281,4551,335,42,475,174,344,908,435,523,83,589,49,541,226,16,0,0,0,4,0,46,0,48,76,6,0,6,0,0,1,68,2,5,0,6,70,0,1,0,0,77,0,0,0,0,0,0,0,0,0,1,0,0,0,0,,0,nan
,0,https://data.ninjakiwi.com/btd6/users/9fb81089dc93faa11a468a4c5d76ee72c4574fbecb15d069,https://static-api.nkstatic.com/appdocs/4/assets/opendata/750d7ea2b83d46eb2f3445970a23f3d8_ProfileAvatar109.png,2382,19603,136550645,Potato,1,8,63283,0.0,0.0,0.0,0.0,244440,1077000,101,0,0,,2310,855,444,1294,559,421,925,1168,1682,421,129,92,122,471,121,646,818,624,382,2104,544,1424,870,370,28,1,179,15,5,0,41,111,25,35,0,93,155,4,113,1,1,0,0,0,0,1,0,1,0,0,0,0,0,0,0,1,2,0,0,0,0,1,0,0,0,0,0,0,0,0,1,0,0,0,0,0,0,0,0,0,838,,0,nan
,0,https://data.ninjakiwi.com/btd6/users/9fbb428ddfc4fef710468e1a5e7bee259d504cbcca14de39,https://static-api.nkstatic.com/appdocs/4/assets/opendata/51524359fcf0d2950590fed2a24ede0e_ProfileAvatar68.png,12995,112744,817098074,Machine Monkey,2,645,607714,0.0,0.0,0.0,0.0,234545,1066300,606,52,0,,11451,5005,2411,4335,4622,1972,3161,3851,6937,3904,1294,1653,925,3532,1656,3980,5261,5588,768,12276,2950,6941,7307,2284,377,120,728,350,983,319,296,803,1620,613,98,182,476,263,1088,363,4,28,0,0,8,5,39,51,30,86,2,0,0,22,0,28,3,1,3,146,0,24,152,9,0,0,3,0,0,0,0,0,0,0,0,0,1,0,0,0,1067,,0,nan
,0,https://data.ninjakiwi.com/btd6/users/9fb91fdd8dc5acf04d40db4e0b27e277c40214b59d10db6e,https://static-api.nkstatic.com/appdocs/4/assets/opendata/db32af61df5646951a18c60fe0013a31_ProfileAvatar01.png,1663,36139,199762522,ZeroThreshold88,4,37,1024579,0.0,0.0,0.0,0.0,226435,1092900,91,4,0,,3353,1291,614,919,951,548,1052,1929,3143,919,194,41,261,551,533,1270,944,1121,224,7130,1703,3834,2503,356,20,0,235,77,0,42,68,119,1,72,16,0,17,2,77,8,2,0,0,0,0,0,0,0,0,0,0,0,0,0,0,1,0,6,0,2,0,6,2,15,0,0,0,0,0,0,2,0,0,0,0,0,1,0,0,0,254,,0,nan
,0,https://data.ninjakiwi.com/btd6/users/9fbc46dfd897aaa518168f435a26e775cc074fbec841d96e,https://static-api.nkstatic.com/appdocs/4/assets/opendata/4d406ac8b5d3b1490b813296b824b7ef_ProfileAvatar41.png,1144,13099,92865795,jannes,2,73,537327,0.0,0.0,0.0,0.0,175035,399100,188,4,25,,1274,341,267,258,191,151,824,273,978,344,403,117,358,287,368,554,176,432,20,3664,246,428,315,246,2,85,102,8,13,37,9,41,18,101,3,25,27,0,94,18,0,0,0,3,0,0,52,3,4,4,0,0,0,2,0,0,0,1,0,0,3,0,0,0,0,0,1,0,0,0,0,0,0,0,0,0,0,0,0,0,491,,0,nan
,0,https://data.ninjakiwi.com/btd6/users/9ce944838bc3fca74e10861f0b22e574cf034eed9a15dc3b,https://static-api.nkstatic.com/appdocs/4/assets/opendata/c9e733296983b2065232101e2cb7fb45_ProfileAvatar21.png,3563,24995,232720244,Gab,3,412,587543,0.0,0.0,0.0,0.0,236180,1109600,409,3,0,,2543,1783,756,735,651,535,1040,1053,1659,647,327,312,345,651,540,1533,1289,920,73,3414,459,1605,732,211,47,33,206,47,7,106,28,65,78,94,43,47,142,4,174,59,26,47,0,0,1,2,2,22,20,26,1,0,1,1,0,21,0,0,4,85,1,17,124,9,0,0,2,0,0,0,0,0,0,0,0,0,0,0,0,0,432,,0,nan
,0,https://data.ninjakiwi.com/btd6/users/9fb7178ed7c4fea0184b8c4c5b76e423ce051cbccc10d13f,https://static-api.nkstatic.com/appdocs/4/assets/opendata/9bc303571d618df5c942b015e66b0276_ProfileAvatar15.png,203,672,19297962,endup,4,70,2280124,,,,,271005,5725800,7,2,14,,89,17,17,8,80,55,81,55,3,1,46,0,2,36,13,41,18,10,34,1,1,0,0,2,0,0,1,0,0,0,37,0,1,0,0,0,12,0,11,0,5,1,7,1,3,5,7,6,0,0,1,0,1,6,4,4,2,3,7,0,1,1,1,1,0,0,0,0,0,0,1,0,0,0,0,0,0,0,2,0,321,,0,nan
,0,https://data.ninjakiwi.com/btd6/users/9fbb4683df91ada218148c4b577be223c4524cb99c10de6e,https://static-api.nkstatic.com/appdocs/4/assets/opendata/340b3b9c7393fa0bf0ecd8c42cdd3258_ProfileAvatar44.png,14974,207726,2260125268,Rumpidump,9,562,4796147,,,,,555595,419200,648,137,1,,20449,11100,3829,6266,2932,1715,8474,5714,17517,8198,3167,999,5253,5360,3844,15230,5501,7008,307,39527,7135,10451,7300,1575,271,238,1372,290,46,2433,301,168,297,394,100,404,933,28,1479,120,119,53,1,4,0,1,3,24,15,43,1,1,19,41,4,28,8,0,1,64,92,19,12,0,0,0,0,0,0,0,0,0,0,0,0,0,0,0,9,0,85,,0,nan
,0,https://data.ninjakiwi.com/btd6/users/9fbc1ed98996afac1c408f4d5777ee269a0148b49c41d03d,https://static-api.nkstatic.com/appdocs/4/assets/opendata/db32af61df5646951a18c60fe0013a31_ProfileAvatar01.png,3367,41808,380844574,Savnecro,0,4,223987,0.0,0.0,0.0,0.0,808115,635200,836,62,0,,3023,3140,878,948,918,816,1288,1778,4486,2527,290,199,637,1367,506,3050,1539,1177,120,6705,1026,2333,1151,210,48,102,229,30,19,37,19,80,52,73,31,52,193,16,679,35,0,2,0,0,0,0,0,0,0,0,0,0,1,0,0,0,0,0,0,0,1,0,0,0,0,0,0,0,0,0,0,0,0,0,0,0,0,0,0,0,81,,0,nan
,0,https://data.ninjakiwi.com/btd6/users/9fb945d88cc4fba64a458742587ae47ecd5748bf9b41da6a,https://static-api.nkstatic.com/appdocs/4/assets/opendata/c222d33c20b59c0a4d8d85fcb20e9ef4_ProfileAvatar33.png,5543,57628,682420925,chara,1,15,621122,0.0,0.0,0.0,0.0,974593,967900,250,142,1,,5212,1931,759,1958,1005,738,1558,1708,4961,4171,996,189,613,1745,1231,1379,2290,2466,2203,6697,2182,5074,2485,956,102,40,1112,38,27,167,113,378,76,237,29,70,148,54,490,39,1,3,1,0,0,0,0,0,0,0,0,0,1,0,0,0,1,0,1,1,2,3,0,0,0,0,0,0,0,0,0,0,0,0,0,0,1,0,0,0,33,,0,nan
,0,https://data.ninjakiwi.com/btd6/users/9fbc168e8c96f1a61a1788495871e2249d0d1fbe9f10db38,https://static-api.nkstatic.com/appdocs/4/assets/opendata/db32af61df5646951a18c60fe0013a31_ProfileAvatar01.png,1298,7477,115597192,Phlup19,1,42,598432,0.0,0.0,0.0,0.0,1130004,694800,115,0,0,,767,141,193,357,135,239,722,687,457,169,73,93,112,167,211,262,235,230,153,693,107,377,121,112,17,7,124,85,2,38,42,6,10,52,2,89,60,4,115,10,7,1,0,0,0,2,3,2,4,2,1,0,0,0,2,0,2,0,0,10,2,2,0,0,0,0,0,0,0,2,0,0,0,0,0,0,0,0,0,0,1,,0,nan
,0,https://data.ninjakiwi.com/btd6/users/9fbb148d8994ffa31817dd1a0b7ab070ca514eb99e41dc3b,https://static-api.nkstatic.com/appdocs/4/assets/opendata/8d1f5c0e0b236db312bc778b894501a7_ProfileAvatar40.png,1918,12240,179111018,sirTennis,0,32,571822,0.0,0.0,0.0,0.0,1818611,650700,214,0,0,,975,457,188,346,329,293,609,514,1021,288,577,184,278,482,423,818,332,582,207,1152,340,434,286,240,5,23,348,25,8,8,15,6,195,75,40,24,40,4,45,23,0,3,0,3,0,0,1,0,3,0,0,0,1,2,1,0,1,0,0,13,1,1,1,0,0,0,0,0,0,0,0,0,0,0,0,0,0,0,1,0,22,,0,nan
,0,https://data.ninjakiwi.com/btd6/users/9cea1589dc90aff34a4087480b72e77fc45749e99f43d93a,https://static-api.nkstatic.com/appdocs/4/assets/opendata/6449232064814cb0ab3a695f10f67244_ProfileAvatar92.png,4506,29319,251528505,caughley,0,0,0,0.0,0.0,0.0,0.0,448315,435600,250,1,0,,3396,1072,1241,1529,490,525,1306,1110,2135,1023,199,488,302,1019,170,1016,710,1041,240,4562,836,1407,870,216,15,31,205,27,25,278,139,71,63,35,21,123,18,35,248,39,0,0,0,0,0,0,0,0,0,0,0,0,0,0,0,0,0,0,0,0,0,0,0,0,0,0,0,0,0,0,0,0,0,0,0,0,0,0,0,0,0,,0,nan
,0,https://data.ninjakiwi.com/btd6/users/9cbb43d9d893adac1e44864f5875b426cb0548efcc13db3d,https://static-api.nkstatic.com/appdocs/4/assets/opendata/575b098c6dc37457814e871dc0a8fbcb_ProfileAvatar09.png,6574,70774,740299038,Luzipu,2,120,1309124,0.0,0.0,0.0,0.0,594363,414200,891,1,0,,8407,3235,3370,1911,403,1302,3736,2544,4514,1814,1999,592,999,2610,886,3048,1045,2212,247,10503,1677,2820,1666,237,84,51,782,156,2,792,189,133,80,246,52,193,267,14,743,51,64,1,3,1,0,2,5,0,0,0,0,0,4,1,0,2,3,0,0,22,5,3,1,0,0,0,0,0,0,2,0,0,0,0,0,1,0,0,0,0,244,,0,nan
,0,https://data.ninjakiwi.com/btd6/users/9fbc1ed8df90faa74a13d9425d21b577cf0214b99912df30,https://static-api.nkstatic.com/appdocs/4/assets/opendata/a9fbb9bd9f1995b8abb85224b44af87f_ProfileAvatar79.png,2812,39372,325567920,AFKay,0,16,60857,0.0,0.0,0.0,0.0,812715,515900,812,40,0,,2786,3166,450,894,898,550,1422,792,4301,2523,267,97,606,1866,685,3224,1470,1225,93,7227,699,1789,956,236,21,28,276,14,7,30,20,35,40,73,14,44,120,10,400,17,0,12,0,0,0,1,1,0,0,0,0,0,1,0,0,0,0,0,0,0,1,0,0,0,0,0,0,0,0,0,0,0,0,0,0,0,0,0,0,0,81,,0,nan
,0,https://data.ninjakiwi.com/btd6/users/9fb8178cd6c2fca51b468f1d0970b47ecf031dee98448b39,https://static-api.nkstatic.com/appdocs/4/assets/opendata/90c55ab36f3552975a6eb7251c17319d_ProfileAvatar55.png,6643,70663,722855055,MingCheng,0,0,0,0.0,0.0,0.0,0.0,1911443,421500,176,34,0,,3894,1246,1475,2377,938,419,4291,2550,7660,2873,1177,321,613,2123,1662,1133,2138,3498,1552,13945,2300,4902,2440,1344,25,29,1341,69,93,993,65,259,117,195,9,9,41,52,474,20,0,0,0,0,0,0,0,0,0,0,0,0,0,0,0,0,0,0,0,0,0,0,0,0,0,0,0,0,0,0,0,0,0,0,0,0,0,0,0,0,22,,0,nan
,0,https://data.ninjakiwi.com/btd6/users/9cba10828e91a8f11142891e5771b024c9571dbe9742dd3c,https://static-api.nkstatic.com/appdocs/4/assets/opendata/48a7610052fb1921a5b888a6e489041b_ProfileAvatar23.png,4188,23967,381823537,Victar,1,50,591575,0.0,0.0,0.0,0.0,2064267,455900,464,1,0,,3269,1029,527,500,277,441,1133,1740,952,322,293,549,429,551,145,1539,1363,1698,107,1968,141,1532,893,186,29,27,134,8,6,239,23,104,45,110,6,47,93,16,1462,33,6,0,0,0,0,0,2,0,3,0,0,0,2,3,0,13,1,0,0,17,0,2,0,0,0,0,0,0,0,0,0,0,0,0,0,0,0,0,1,0,1,,0,nan
,0,https://data.ninjakiwi.com/btd6/users/9cec118bdfc5fba44d41de4a0a74ef73ca014fe89f44dd6e,https://static-api.nkstatic.com/appdocs/4/assets/opendata/fde872ddfd1aa89d03193297e7d28762_ProfileAvatar75.png,13532,99012,817580714,Snighty,1,68,601638,0.0,0.0,0.0,0.0,1985847,572400,780,11,0,,7441,3254,3421,2423,2036,1095,3875,3693,6372,3686,980,833,1141,2982,948,4983,3505,4085,671,14706,2236,4104,2429,793,159,196,828,154,160,223,108,630,229,688,132,218,326,24,977,283,4,0,0,3,0,0,0,0,15,1,0,0,1,0,0,29,1,0,1,7,3,3,0,0,0,0,0,0,0,0,0,0,0,0,0,0,0,0,0,0,1,,0,nan
,0,https://data.ninjakiwi.com/btd6/users/9fbf178bdec3fdf74d418e1d0a70e2229a0514ef9911d038,https://static-api.nkstatic.com/appdocs/4/assets/opendata/750d7ea2b83d46eb2f3445970a23f3d8_ProfileAvatar109.png,2060,27054,290416196,maxis808,0,60,564475,0.0,0.0,0.0,0.0,2090147,571000,323,0,0,,2348,697,1214,1004,473,532,1332,1248,2009,615,562,107,439,693,558,1472,879,774,307,5253,836,1092,1070,329,34,2,201,140,5,148,1,64,47,96,12,4,173,56,188,39,0,0,0,0,0,0,1,0,15,0,0,0,0,0,1,28,0,0,1,11,2,0,1,0,0,0,0,0,0,0,0,0,0,0,0,0,0,0,0,0,22,,0,nan
,0,https://data.ninjakiwi.com/btd6/users/9fb91e8cde94adac1b408b485d74b076cd044cb49f44dc3e,https://static-api.nkstatic.com/appdocs/4/assets/opendata/b3bfaf76e60d7b9737216a61480a2846_ProfileAvatar12.png,1543,27763,229102736,latopingu5,0,0,0,0.0,0.0,0.0,0.0,1478125,405100,220,0,0,,3372,1476,898,1990,283,516,1530,931,2912,889,217,200,484,867,275,1271,365,688,171,4740,776,986,607,270,28,13,128,37,7,78,30,16,43,81,14,12,151,24,354,32,0,0,0,0,0,0,0,0,0,0,0,0,0,0,0,0,0,0,0,0,0,0,0,0,0,0,0,0,0,0,0,0,0,0,0,0,0,0,0,0,0,,0,nan
,0,https://data.ninjakiwi.com/btd6/users/9fbd1e88d897abf61f458c195e74e3739a0349e8cf44dc3d,https://static-api.nkstatic.com/appdocs/4/assets/opendata/6449232064814cb0ab3a695f10f67244_ProfileAvatar92.png,6248,105081,823771726,bldstrvd,0,0,0,0.0,0.0,0.0,0.0,1690420,480600,801,16,0,,8123,5639,2166,1758,1644,1596,4802,3031,6385,4675,732,758,1353,2969,1879,8721,4785,4377,330,21285,1909,5428,6046,952,122,120,902,122,9,229,257,209,283,211,156,283,299,21,399,115,0,0,0,0,0,0,0,0,0,0,0,0,0,0,0,0,0,0,0,0,0,0,0,0,0,0,0,0,0,0,0,0,0,0,0,0,0,0,0,0,0,,0,nan
,0,https://data.ninjakiwi.com/btd6/users/9fbd1382d79ff1a64e42d94d5a20e323ce561abf9617d93c,https://static-api.nkstatic.com/appdocs/4/assets/opendata/d56343c849e0e59dfb82713e9ff7f1e3_ProfileAvatar84.png,3105,34953,286950209,hkcabc123,0,0,0,0.0,0.0,0.0,0.0,1835093,413600,397,3,0,,3338,2576,1050,1017,621,354,1367,767,3115,1358,389,275,633,1386,645,3018,814,848,65,6603,617,1450,882,129,61,69,231,103,4,104,49,103,75,121,58,126,119,17,354,41,0,0,0,0,0,0,0,0,0,0,0,0,0,0,0,0,0,0,0,0,0,0,0,0,0,0,0,0,0,0,0,0,0,0,0,0,0,0,0,0,0,,0,nan
,0,https://data.ninjakiwi.com/btd6/users/9fb913df8a94aaa21940db435d72e17ece021eb9cb178b3c,https://static-api.nkstatic.com/appdocs/4/assets/opendata/d7efbd08a6cafa2f17faaced7068317a_ProfileAvatar91.png,917,11744,112049966,VT Elite phaze,0,0,0,0.0,0.0,0.0,0.0,2370330,475900,143,2,0,,374,751,135,127,148,129,390,145,1068,628,138,21,111,533,95,842,249,374,150,3651,385,364,266,79,1,9,117,0,0,4,0,23,3,14,0,0,26,0,384,9,0,0,0,0,0,0,0,0,0,0,0,0,0,0,0,0,0,0,0,0,0,0,0,0,0,0,0,0,0,0,0,0,0,0,0,0,0,0,0,0,0,,0,nan
,0,https://data.ninjakiwi.com/btd6/users/9fbb148edf9efff41a4b8d185673b47099014eef9e14d831,https://static-api.nkstatic.com/appdocs/4/assets/opendata/690b025a82d05b27715dd610e466ef7f_ProfileAvatar101.png,15972,167443,3894061317,meng-huan-,9,209,2632500,0.0,0.0,0.0,0.0,596680,747500,456,106,1,,13493,3035,1065,4118,4665,2154,16521,8539,11070,15628,5270,1441,1880,3407,2453,3777,13003,5179,267,8828,7038,14786,5755,440,108,79,293,81,94,8712,126,356,500,299,53,138,926,23,1778,64,12,38,0,21,5,3,7,12,0,1,0,0,8,0,1,6,1,0,0,46,14,22,5,0,0,0,0,0,0,7,0,0,0,0,0,0,0,0,0,0,59,,0,nan
,0,https://data.ninjakiwi.com/btd6/users/9cb7438adc90adf34a458c4d5e75e624cc5515b89d11db38,https://static-api.nkstatic.com/appdocs/4/assets/opendata/7cf83e754fab7b775a5efc189246548a_ProfileAvatar18.png,1934,14741,176325432,Matej200CZ,0,0,0,0.0,0.0,0.0,0.0,241520,263000,211,4,0,,1029,656,342,357,194,335,1455,715,1021,399,280,156,254,470,303,896,727,629,91,1628,343,927,315,209,45,54,95,34,3,112,71,4,10,125,60,21,42,1,317,15,0,0,0,0,0,0,0,0,0,0,0,0,0,0,0,0,0,0,0,0,0,0,0,0,0,0,0,0,0,0,0,0,0,0,0,0,0,0,0,0,0,,0,nan
,0,https://data.ninjakiwi.com/btd6/users/9cbb438edf94adf11e468b425922b276cc5619b4ca12d83c,https://static-api.nkstatic.com/appdocs/4/assets/opendata/8786323c7af885fd6d24da2291ce33fa_ProfileAvatar88.png,9236,69919,1464653114,Waldius,0,0,0,0.0,0.0,0.0,0.0,294915,442300,1526,2,0,,4136,2232,388,363,170,294,3689,2555,3669,2428,1409,237,67,2400,1216,1427,119,326,54,6094,1165,2312,641,79,156,118,1665,1075,36,591,189,19,276,374,324,153,809,34,652,245,0,0,0,0,0,0,0,0,0,0,0,0,0,0,0,0,0,0,0,0,0,0,0,0,0,0,0,0,0,0,0,0,0,0,0,0,0,0,0,0,0,,0,nan
,0,https://data.ninjakiwi.com/btd6/users/9cea11d88e9fadf11d11de1e5620e77fcc571bbdc844dc3e,https://static-api.nkstatic.com/appdocs/4/assets/opendata/dde591f892378966311bee7369cf6d05_ProfileAvatar38.png,6736,32435,256995382,littlemanjack,0,0,0,0.0,0.0,0.0,0.0,325305,355400,549,0,0,,3384,1392,934,1338,780,675,1848,1477,2467,383,483,366,1027,739,913,2121,1177,792,78,4974,699,1655,736,181,17,66,557,20,13,189,17,135,45,158,40,15,256,6,245,36,0,0,0,0,0,0,0,0,0,0,0,0,0,0,0,0,0,0,0,0,0,0,0,0,0,0,0,0,0,0,0,0,0,0,0,0,0,0,0,0,0,,0,nan
,0,https://data.ninjakiwi.com/btd6/users/9fb91583dec2f8a61b438c425677b777cd5218edcb10dc6c,https://static-api.nkstatic.com/appdocs/4/assets/opendata/ff853797e300ae69f8fbe20acabac75b_ProfileAvatar106.png,1845,15349,188809456,deanbean69,2,24,208923,0.0,0.0,0.0,0.0,822970,395900,179,0,0,,1316,335,240,442,312,246,735,675,921,418,544,140,240,548,431,1018,500,1279,166,1809,589,469,335,177,98,167,92,38,34,129,57,100,24,175,119,88,43,14,269,16,8,0,0,0,0,0,0,0,0,1,0,0,0,1,0,1,0,0,0,10,1,1,0,0,0,0,0,0,0,0,0,0,0,0,0,0,0,0,1,0,27,,0,nan
,0,https://data.ninjakiwi.com/btd6/users/9fb8438c8995fcf34c148c4f0e74e47198024bbf98128c6d,https://static-api.nkstatic.com/appdocs/4/assets/opendata/b8170f4ca681b8c6839efa57e6edf056_ProfileAvatar34.png,1813,17298,127682284,OliveKnight109,0,0,0,0.0,0.0,0.0,0.0,556615,312000,41,1,0,,1976,658,157,410,346,329,844,1108,1109,746,275,101,190,191,228,780,1350,724,235,1845,787,1643,315,163,19,4,93,24,6,1,5,34,18,111,14,50,42,9,350,7,0,0,0,0,0,0,0,0,0,0,0,0,0,0,0,0,0,0,0,0,0,0,0,0,0,0,0,0,0,0,0,0,0,0,0,0,0,0,0,0,0,,0,nan
,0,https://data.ninjakiwi.com/btd6/users/9ceb118b8ec0aaa01d4a8c4f5777e07f9f5014ea9f42893c,https://static-api.nkstatic.com/appdocs/4/assets/opendata/48a7610052fb1921a5b888a6e489041b_ProfileAvatar23.png,2835,65122,383594129,Lazerblast,0,0,0,0.0,0.0,0.0,0.0,657225,391900,821,0,0,,6371,3508,926,1329,328,319,1770,2254,9897,1458,434,137,954,1399,663,4975,1171,2002,317,17608,933,1727,1627,409,47,84,536,50,44,101,34,114,46,174,41,75,171,27,117,33,0,0,0,0,0,0,0,0,0,0,0,0,0,0,0,0,0,0,0,0,0,0,0,0,0,0,0,0,0,0,0,0,0,0,0,0,0,0,0,0,0,,0,nan
,0,https://data.ninjakiwi.com/btd6/users/9fbe458f8dc3acf74e47db1e5c21e270cb0d1aeaca16da6e,https://static-api.nkstatic.com/appdocs/4/assets/opendata/bead54d560eefd53a00bcb487a12ff96_ProfileAvatar81.png,2598,52961,275094452,Zhenar gamer,0,51,557866,0.0,0.0,0.0,0.0,1743850,465400,453,0,0,,4938,4704,1234,1199,804,545,1717,1321,4904,1215,528,71,600,1404,698,3987,1795,1999,290,12236,574,3011,1478,337,9,9,359,1,3,61,23,72,47,309,35,59,96,5,279,3,28,0,0,1,0,0,0,0,1,1,0,0,1,2,2,1,0,0,0,8,2,3,1,0,0,0,0,0,0,0,0,0,0,0,0,0,0,0,0,0,22,,0,nan
,0,https://data.ninjakiwi.com/btd6/users/9cee15888d95fff71d148f4b5774e371cc5618bdcb43dc6d,https://static-api.nkstatic.com/appdocs/4/assets/opendata/4f4e181a56ff01af1cfd934d2d8da55d_ProfileAvatar90.png,12545,64017,1094536673,Mircortex3,0,6,571628,0.0,0.0,0.0,0.0,601585,595400,2460,25,0,,3520,1952,1171,869,832,881,2157,1368,2973,1631,739,456,627,1396,975,2365,1590,1209,218,3766,832,2106,581,684,167,192,679,221,80,207,251,78,1318,559,160,190,549,57,389,223,3,0,0,0,0,1,0,0,0,0,0,0,1,0,0,0,0,0,0,0,0,1,0,0,0,0,0,0,0,0,0,0,0,0,0,0,0,0,0,0,360,,0,nan
,0,https://data.ninjakiwi.com/btd6/users/9fbe42898b90f1a31944dc425f21e273980d4bb8ca428931,https://static-api.nkstatic.com/appdocs/4/assets/opendata/158a470e0cee590448f4cf8a509ee75e_ProfileAvatar108.png,3856,42834,298424007,jye,1,115,538580,0.0,0.0,0.0,0.0,766275,507600,535,3,0,,4017,2351,1086,1043,909,530,1438,827,4257,1466,432,264,783,1447,676,3498,1264,2041,235,8783,846,1837,853,270,35,69,383,30,10,134,15,174,34,252,28,38,76,38,323,41,29,23,2,0,1,2,5,0,2,2,0,0,2,0,1,23,2,0,2,10,2,5,1,0,0,0,0,0,0,0,0,0,0,0,1,0,0,0,0,0,66,,0,nan
,0,https://data.ninjakiwi.com/btd6/users/9cba41dd8c9facf64e428d4a0e21b070cc0d14bb9d428c39,https://static-api.nkstatic.com/appdocs/4/assets/opendata/897a07d7352cf7eba60cff2ebc6b4ff4_ProfileAvatar50.png,9169,118699,1011226011,Bexus,3,235,1351759,0.0,0.0,0.0,0.0,634250,386400,881,31,1,,7504,6721,2220,2475,1072,1003,4193,4626,5691,4785,2268,723,2184,2976,1079,6560,3182,3491,156,18481,1509,5023,4211,816,122,120,2178,242,49,1184,37,121,349,153,49,93,144,56,248,148,21,9,6,0,2,0,5,2,1,3,3,0,10,0,23,37,4,0,2,72,22,9,2,0,0,0,0,0,0,0,0,0,0,0,0,0,0,0,2,0,0,,0,nan
,0,https://data.ninjakiwi.com/btd6/users/9fb9438bdd9eacf110108b4a5773b376990015b49a41d93e,https://static-api.nkstatic.com/appdocs/4/assets/opendata/158a470e0cee590448f4cf8a509ee75e_ProfileAvatar108.png,2154,23017,314768603,Setsu_,3,38,672496,0.0,0.0,0.0,0.0,650865,554900,215,1,0,,1538,720,557,675,508,614,1068,1411,1689,613,465,144,251,1232,690,1833,569,1254,383,2039,688,1592,726,356,20,379,81,46,2,248,275,14,23,59,3,53,28,33,124,13,4,1,1,0,1,3,2,1,1,1,0,0,0,0,1,2,0,0,0,11,4,3,0,0,0,0,0,0,0,0,0,0,2,0,0,0,0,0,0,0,91,,0,nan
,0,https://data.ninjakiwi.com/btd6/users/9fbb41838c92fea04c428e490e27b226cd5715e89f128a3f,https://static-api.nkstatic.com/appdocs/4/assets/opendata/38356e6cb2e0228dd5f5c9c023da5927_ProfileAvatar29.png,3643,44466,472906811,Matmania85,0,0,0,0.0,0.0,0.0,0.0,1021235,622700,432,0,0,,3097,3186,1163,2347,1712,637,2706,971,4514,1701,1466,350,556,2295,1202,2342,1219,1485,413,4750,1774,1074,656,269,43,36,175,35,82,186,42,11,139,118,32,90,231,72,1116,172,0,0,0,0,0,0,0,0,0,0,0,0,0,0,0,0,0,0,0,0,0,0,0,0,0,0,0,0,0,0,0,0,0,0,0,0,0,0,0,0,1,,0,nan
,0,https://data.ninjakiwi.com/btd6/users/9fbb438c8d96acf41d4086425726e523cd021db59b148c6e,https://static-api.nkstatic.com/appdocs/4/assets/opendata/90c55ab36f3552975a6eb7251c17319d_ProfileAvatar55.png,12908,117261,1394984145,tenf,0,0,0,0.0,0.0,0.0,0.0,1413410,514600,466,121,0,,14115,5722,1914,3662,3266,1525,8154,3672,5457,6948,1958,1110,1131,5275,1995,5322,6859,5574,650,12527,2401,6279,3679,797,69,139,797,111,96,868,355,794,331,477,95,543,640,113,1715,125,0,0,0,0,0,0,0,0,0,0,0,0,0,0,0,0,0,0,0,0,0,0,0,0,0,0,0,0,0,0,0,0,0,0,0,0,0,0,0,0,1,,0,nan
,0,https://data.ninjakiwi.com/btd6/users/9fbe44df8c97f1a44a46db430d71e621985648ed9d168930,https://static-api.nkstatic.com/appdocs/4/assets/opendata/a9fbb9bd9f1995b8abb85224b44af87f_ProfileAvatar79.png,1575,13494,139153896,EimDayo,0,0,0,0.0,0.0,0.0,0.0,1730085,561200,107,1,0,,1641,449,474,943,266,145,483,338,628,323,259,68,208,550,235,664,668,612,109,2061,470,599,200,192,15,23,159,15,2,4,15,32,25,267,22,0,120,5,179,25,0,0,0,0,0,0,0,0,0,0,0,0,0,0,0,0,0,0,0,0,0,0,0,0,0,0,0,0,0,0,0,0,0,0,0,0,0,0,0,0,1,,0,nan
,0,https://data.ninjakiwi.com/btd6/users/9fbb13888994ada41f41de4f0c7bb27e990319eec814d138,https://static-api.nkstatic.com/appdocs/4/assets/opendata/12f4eb70e67e103d6de7fe3aa725ee20_ProfileAvatar61.png,1767,10649,106208050,WaianDora,0,0,0,0.0,0.0,0.0,0.0,1839597,529900,196,0,0,,1096,302,222,268,158,250,432,254,1577,315,90,73,100,243,258,490,440,251,20,1931,519,780,136,63,0,1,47,0,17,28,3,60,15,33,29,1,50,1,83,12,0,0,0,0,0,0,0,0,0,0,0,0,0,0,0,0,0,0,0,0,0,0,0,0,0,0,0,0,0,0,0,0,0,0,0,0,0,0,0,0,1,,0,nan
,0,https://data.ninjakiwi.com/btd6/users/9ceb4188dc9ef9a049168d4e0c21e322980d18ed9744893c,https://static-api.nkstatic.com/appdocs/4/assets/opendata/753ef14cdff5367a771eba17a9e52f7c_ProfileAvatar83.png,20330,173799,1780140219,Sakura,0,0,0,0.0,0.0,0.0,0.0,1964013,601400,1070,16,0,,13297,6597,3619,3873,2860,2034,6750,4427,19108,4976,3426,1054,1097,6759,1805,5375,5601,4711,249,33540,3275,6641,2452,320,269,428,1504,599,103,4210,199,889,320,601,233,323,573,25,1384,301,0,0,0,0,0,0,0,0,0,0,0,0,0,0,0,0,0,0,0,0,0,0,0,0,0,0,0,0,0,0,0,0,0,0,0,0,0,0,0,0,1,,0,nan
,0,https://data.ninjakiwi.com/btd6/users/9cee4588d792f9ac1b428a420c7be222c90319bc9645de3e,https://static-api.nkstatic.com/appdocs/4/assets/opendata/c91b34aa57f255f02b139d56ce8d083c_ProfileAvatar49.png,2856,38324,374847544,DerBauer0405,0,0,0,0.0,0.0,0.0,0.0,2051150,463100,762,4,0,,2111,548,277,257,123,185,1321,216,3254,1132,828,92,709,1389,443,1132,196,1510,48,9774,674,806,437,99,0,0,217,5,5,1,0,2,365,186,0,10,78,0,741,35,0,0,0,0,0,0,0,0,0,0,0,0,0,0,0,0,0,0,0,0,0,0,0,0,0,0,0,0,0,0,0,0,0,0,0,0,0,0,0,0,1,,0,nan
,0,https://data.ninjakiwi.com/btd6/users/9fb9458fdcc7fca5194a88495d25b321cb514fbfcb10d83b,https://static-api.nkstatic.com/appdocs/4/assets/opendata/b2795bc0400051550b15778233a07d77_ProfileAvatar72.png,6623,63339,845769265,ALam,4,90,650048,0.0,0.0,0.0,0.0,611785,648200,196,19,8,,8309,2918,908,2569,1461,478,3659,2129,6079,3635,1673,552,641,2114,1274,2423,2279,2492,924,6770,1719,3596,1449,395,14,19,422,38,90,1148,93,136,124,108,17,93,104,12,457,17,2,4,2,0,1,1,2,0,3,3,1,0,2,1,5,1,2,0,1,41,2,11,3,0,0,0,0,0,0,0,0,0,0,0,0,0,0,0,2,0,0,,0,nan
,0,https://data.ninjakiwi.com/btd6/users/9fba16d8dcc5f1f7181188485e25e173ce061dbfcf14d86d,https://static-api.nkstatic.com/appdocs/4/assets/opendata/3e64627d5149f478416ad299581ea3b6_ProfileAvatar76.png,6934,70478,730493784,Bentard,1,76,123295,0.0,0.0,0.0,0.0,740745,633500,468,18,0,,5600,1335,745,1309,822,1032,4156,2443,7795,1629,1171,765,813,1732,1234,2422,3455,2829,501,15920,2153,4844,1167,486,184,60,1123,118,109,297,126,60,146,279,72,135,494,37,734,145,33,0,0,0,1,1,2,3,4,2,0,0,1,0,0,3,4,0,1,12,5,2,1,0,0,0,0,0,0,1,0,0,0,0,0,0,0,0,0,0,39,,0,nan
,0,https://data.ninjakiwi.com/btd6/users/9cb816dad891fead4c428a495b20b37ecb0d1eef9912d06c,https://static-api.nkstatic.com/appdocs/4/assets/opendata/2fc9f28c7010660bbafdf586af3cefcb_ProfileAvatar05.png,3341,59754,417216511,MrScaramouche,3,28,601767,0.0,0.0,0.0,0.0,768050,508600,342,1,0,,7009,2373,1741,1178,544,560,2563,669,10876,1058,190,186,391,258,454,2901,185,2611,26,19035,619,1186,834,74,48,11,872,94,60,49,3,154,41,364,39,23,169,3,249,53,7,0,0,0,0,0,3,0,0,1,0,0,2,0,0,2,0,0,0,10,0,2,0,0,0,0,0,0,0,0,0,0,0,0,0,0,0,0,1,0,39,,0,nan
,0,https://data.ninjakiwi.com/btd6/users/9fbb1e8dd692f0a61f10864d0d76e470cb014cbd9a468a3e,https://static-api.nkstatic.com/appdocs/4/assets/opendata/845b9c31facac365f6d1a03247495b7b_ProfileAvatar82.png,18711,183997,2045642459,PowerDino3773,0,0,0,0.0,0.0,0.0,0.0,779960,582800,662,504,0,,14774,11112,2965,3339,2538,2951,6936,6105,13336,9159,2413,1036,2066,5245,3847,10355,6001,5467,800,37717,4051,13614,5817,2137,250,242,1765,72,181,208,219,766,591,606,96,104,771,218,3935,191,0,0,0,0,0,0,0,0,0,0,0,0,0,0,0,0,0,0,0,0,0,0,0,0,0,0,0,0,0,0,0,0,0,0,0,0,0,0,0,0,27,,0,nan
,0,https://data.ninjakiwi.com/btd6/users/9fbc15d9dfc2f8f14c4389495d27b4709a0618bd9c18db3c,https://static-api.nkstatic.com/appdocs/4/assets/opendata/158a470e0cee590448f4cf8a509ee75e_ProfileAvatar108.png,9548,66686,966205967,Paara,0,0,0,0.0,0.0,0.0,0.0,811223,632300,1161,3,0,,4700,1402,1932,1062,1200,1882,3563,2378,8474,1015,1147,773,485,2528,1378,4341,4618,2744,299,7872,1834,4175,1481,1339,110,80,680,153,25,370,200,30,112,208,92,685,393,12,813,100,0,0,0,0,0,0,0,0,0,0,0,0,0,0,0,0,0,0,0,0,0,0,0,0,0,0,0,0,0,0,0,0,0,0,0,0,0,0,0,0,27,,0,nan
,0,https://data.ninjakiwi.com/btd6/users/9fbb14d88d90fea31f16dd1e5825e025c80148b89e13de30,https://static-api.nkstatic.com/appdocs/4/assets/opendata/dde591f892378966311bee7369cf6d05_ProfileAvatar38.png,13334,114180,1118923674,bankennkun,0,0,0,0.0,0.0,0.0,0.0,846760,479500,742,40,0,,8507,8013,3180,5859,3422,1261,4714,3447,8914,6596,2560,1148,1283,5348,3076,5978,3180,4799,469,14699,3479,4110,3306,844,188,165,551,214,31,262,247,201,553,522,67,72,808,43,1968,95,0,0,0,0,0,0,0,0,0,0,0,0,0,0,0,0,0,0,0,0,0,0,0,0,0,0,0,0,0,0,0,0,0,0,0,0,0,0,0,0,27,,0,nan
,0,https://data.ninjakiwi.com/btd6/users/9fba43d8d996faa54d4386485671e47798514bb89610df3c,https://static-api.nkstatic.com/appdocs/4/assets/opendata/6449232064814cb0ab3a695f10f67244_ProfileAvatar92.png,3531,22316,270445478,zxdxc,0,0,0,0.0,0.0,0.0,0.0,923285,393000,226,0,0,,2791,885,394,479,277,239,3464,1055,691,610,485,208,231,613,314,1396,1227,813,206,1665,440,1463,316,99,72,18,89,65,40,69,5,99,30,113,18,168,178,36,917,37,0,0,0,0,0,0,0,0,0,0,0,0,0,0,0,0,0,0,0,0,0,0,0,0,0,0,0,0,0,0,0,0,0,0,0,0,0,0,0,0,0,,0,nan
,0,https://data.ninjakiwi.com/btd6/users/9fbb1383d89eadf14946874f5a21e521c5521bba9c448b3d,https://static-api.nkstatic.com/appdocs/4/assets/opendata/d84627d3e016cfff12b6977db9cb9e0a_ProfileAvatar70.png,541,6336,51312012,EugeneH.W,0,0,0,0.0,0.0,0.0,0.0,928161,438000,22,0,0,,1261,583,94,119,159,151,190,302,426,201,65,16,77,63,208,417,301,135,7,513,200,409,113,0,0,84,44,0,22,0,0,34,2,63,0,0,61,0,15,0,0,0,0,0,0,0,0,0,0,0,0,0,0,0,0,0,0,0,0,0,0,0,0,0,0,0,0,0,0,0,0,0,0,0,0,0,0,0,0,0,0,,0,nan
,0,https://data.ninjakiwi.com/btd6/users/9fba1fda8ec5fbf34a43d94f5e26b0739e061cbc9f17de3f,https://static-api.nkstatic.com/appdocs/4/assets/opendata/90c55ab36f3552975a6eb7251c17319d_ProfileAvatar55.png,1710,23274,225399917,Player,3,101,587520,0.0,0.0,0.0,0.0,666210,418500,168,1,0,,2752,989,217,868,566,581,1137,599,2587,688,134,199,120,870,530,969,750,551,308,3108,995,1519,1053,215,4,22,64,10,0,8,8,10,12,32,5,248,87,3,435,20,61,0,0,0,2,2,6,0,1,0,0,0,1,0,0,2,1,0,0,16,1,6,0,0,0,0,0,0,0,0,0,0,0,0,0,2,0,0,0,0,1,,0,nan
,0,https://data.ninjakiwi.com/btd6/users/9fbd17d9dcc0aba74d4a864a5626ee70cc0115ba9e428d3d,https://static-api.nkstatic.com/appdocs/4/assets/opendata/26293623868238ca9e57e6a4f8c65eef_ProfileAvatar04.png,2737,22000,189232711,ASIANNIGERIAN1,0,0,0,0.0,0.0,0.0,0.0,974615,504300,324,2,0,,2348,1051,641,502,304,318,955,636,1050,626,362,196,721,493,696,1872,563,933,139,4076,456,1091,703,444,30,87,138,17,1,65,12,86,34,98,16,17,43,5,152,22,0,0,0,0,0,0,0,0,0,0,0,0,0,0,0,0,0,0,0,0,0,0,0,0,0,0,0,0,0,0,0,0,0,0,0,0,0,0,0,0,0,,0,nan
,0,https://data.ninjakiwi.com/btd6/users/9cb642d8d6c7f1f01a13db495c21b075cc5548b5cf168a3f,https://static-api.nkstatic.com/appdocs/4/assets/opendata/c91b34aa57f255f02b139d56ce8d083c_ProfileAvatar49.png,9456,83615,712012255,SmokeyTB,0,0,0,0.0,0.0,0.0,0.0,976170,480900,1205,2,0,,6066,4407,2166,3027,2560,1396,2089,2844,4290,3180,538,605,1358,2391,685,3639,2835,2268,240,6493,1658,3335,1458,282,150,160,475,189,27,127,83,101,970,344,241,242,190,46,438,197,0,0,0,0,0,0,0,0,0,0,0,0,0,0,0,0,0,0,0,0,0,0,0,0,0,0,0,0,0,0,0,0,0,0,0,0,0,0,0,0,0,,0,nan
,0,https://data.ninjakiwi.com/btd6/users/9fbc4582da9ef0a21f17db480972e774c90c4fbe9d16de3e,https://static-api.nkstatic.com/appdocs/4/assets/opendata/db32af61df5646951a18c60fe0013a31_ProfileAvatar01.png,5057,47107,682875407,Player,0,0,0,0.0,0.0,0.0,0.0,992440,504500,569,1,0,,3869,1534,1125,1382,644,1040,2180,1213,4853,698,334,509,602,1681,677,2712,1712,2128,705,9067,1255,2496,1031,723,45,47,862,83,25,283,50,121,107,318,45,367,210,17,277,79,0,0,0,0,0,0,0,0,0,0,0,0,0,0,0,0,0,0,0,0,0,0,0,0,0,0,0,0,0,0,0,0,0,0,0,0,0,0,0,0,0,,0,nan
,0,https://data.ninjakiwi.com/btd6/users/9fbb17df8e96fda04d148b4a0976e3259d0319ee9b15dc31,https://static-api.nkstatic.com/appdocs/4/assets/opendata/93899ad8b3667da7dad9a785fd827383_ProfileAvatar63.png,5963,41775,531659649,Dirty Sanchez,0,0,0,0.0,0.0,0.0,0.0,1005975,593400,424,6,0,,2959,2968,880,816,934,636,1423,1273,3241,1841,1264,634,719,2399,1517,3434,1408,1626,164,4121,1585,1174,1195,200,98,206,468,65,78,235,66,47,257,188,104,124,309,41,958,119,0,0,0,0,0,0,0,0,0,0,0,0,0,0,0,0,0,0,0,0,0,0,0,0,0,0,0,0,0,0,0,0,0,0,0,0,0,0,0,0,0,,0,nan
,0,https://data.ninjakiwi.com/btd6/users/9cea14d9dcc4aaf41f408c420e22e37e9d551be9cc198c6e,https://static-api.nkstatic.com/appdocs/4/assets/opendata/bead54d560eefd53a00bcb487a12ff96_ProfileAvatar81.png,12345,60778,457039569,AwesomePhoenix,1,10,97194,,,,,467475,904300,1157,6,1,,7351,2633,2069,2287,1491,938,3510,2097,3732,1636,1083,588,1044,1546,1437,3524,1841,2718,118,9338,1607,2034,1641,145,95,173,336,80,23,440,143,229,168,322,89,263,152,34,578,77,1,0,0,2,0,0,0,0,0,0,0,0,5,0,0,0,0,0,1,0,0,0,0,0,0,0,0,0,0,0,0,0,0,0,0,0,1,0,0,0,300,,0,nan
,0,https://data.ninjakiwi.com/btd6/users/9fbc4488d795aaa44a41db4f5774b376ce524fbe9d158e3a,https://static-api.nkstatic.com/appdocs/4/assets/opendata/6449232064814cb0ab3a695f10f67244_ProfileAvatar92.png,4471,34562,279046589,Kduel,11,77,596662,,,,,571875,446000,127,100,0,,2002,455,329,450,419,448,579,641,909,6263,321,49,506,575,615,757,3292,1248,55,4371,554,4442,1829,146,7,296,1523,4,0,97,77,266,12,118,19,2,24,3,851,7,2,5,0,0,0,0,0,0,0,0,1,0,3,0,12,0,0,0,0,24,11,11,4,0,0,0,0,0,0,1,0,0,3,0,0,0,0,0,0,0,60,,0,nan
,0,https://data.ninjakiwi.com/btd6/users/9fb91fded6c3ffad1b468a195d70b725c80514e9cf19dc6b,https://static-api.nkstatic.com/appdocs/4/assets/opendata/f9d75c66d6e879caea66060592540877_ProfileAvatar71.png,3909,42857,577921780,Abyss_Lee,3,85,1108660,0.0,0.0,0.0,0.0,721405,426800,291,3,0,,4213,2682,461,1385,852,404,1978,1299,3511,2499,914,269,344,1599,1027,1965,1521,2176,718,4435,2335,2486,846,480,65,29,349,48,47,280,27,108,130,114,32,202,113,57,802,54,47,0,0,0,0,3,0,24,0,0,0,1,5,0,0,0,0,0,0,0,3,0,0,0,0,0,0,0,0,2,0,0,0,0,0,0,0,0,0,0,21,,0,nan
,0,https://data.ninjakiwi.com/btd6/users/9fb8418e8991ada149468f180c20e374c95048bf9945dd6a,https://static-api.nkstatic.com/appdocs/4/assets/opendata/3adb5888878230a9d5c5cb15e12f1fe5_ProfileAvatar111.png,602,7686,62044677,MABO YT :),1,54,174705,0.0,0.0,0.0,0.0,730450,551000,18,12,0,,440,488,60,76,87,109,238,537,577,219,75,14,76,304,36,228,623,220,147,1103,288,695,813,64,0,4,44,41,0,0,21,4,14,15,0,0,24,0,1,0,1,1,0,0,0,0,2,0,17,0,0,0,2,0,0,0,0,0,1,22,1,4,2,0,0,0,0,0,0,0,0,0,0,0,0,0,0,0,1,0,21,,0,nan
,0,https://data.ninjakiwi.com/btd6/users/9ceb428dd9c3f8a610438f1a5970e574cb0014bf9641de3b,https://static-api.nkstatic.com/appdocs/4/assets/opendata/03752d93a19efa269bef3cdf43922a89_ProfileAvatar67.png,3932,44758,436341104,The Pony,0,0,0,0.0,0.0,0.0,0.0,776160,516100,500,10,0,,4146,2440,354,786,512,580,1525,1957,3749,2065,683,212,597,1006,1229,2949,2060,1241,137,6747,693,3249,2242,186,160,164,227,104,6,195,73,121,115,122,26,80,52,28,291,21,0,0,0,0,0,0,0,0,0,0,0,0,0,0,0,0,0,0,0,0,0,0,0,0,0,0,0,0,0,0,0,0,0,0,0,0,0,0,0,0,0,,0,nan
,0,https://data.ninjakiwi.com/btd6/users/9fbc128c8b97acad1c45de4f5b7bb776cc004eef9e148e3e,https://static-api.nkstatic.com/appdocs/4/assets/opendata/74f14994aa1c578f556126fe6cdcfded_ProfileAvatar85.png,4881,55849,526352939,MYM,0,0,0,0.0,0.0,0.0,0.0,788840,521500,594,5,0,,5095,1976,1274,1545,1263,989,2670,1671,4911,3263,987,556,655,2114,828,3145,2298,1670,222,10213,1062,3027,1125,272,50,28,309,60,11,199,25,166,417,186,46,126,174,154,990,76,0,0,0,0,0,0,0,0,0,0,0,0,0,0,0,0,0,0,0,0,0,0,0,0,0,0,0,0,0,0,0,0,0,0,0,0,0,0,0,0,0,,0,nan
,0,https://data.ninjakiwi.com/btd6/users/9fbe1edfdb95f0a519428f4c597be57eca054eedcd18da6b,https://static-api.nkstatic.com/appdocs/4/assets/opendata/340b3b9c7393fa0bf0ecd8c42cdd3258_ProfileAvatar44.png,3247,30664,239352174,DragonMaster12,0,0,0,0.0,0.0,0.0,0.0,812215,624000,292,1,0,,3737,2118,316,496,504,375,914,1603,1917,708,402,239,446,779,576,2799,1064,1420,106,6227,392,1563,560,209,26,53,344,27,94,112,29,103,40,71,36,6,111,12,117,12,0,0,0,0,0,0,0,0,0,0,0,0,0,0,0,0,0,0,0,0,0,0,0,0,0,0,0,0,0,0,0,0,0,0,0,0,0,0,0,0,0,,0,nan
,0,https://data.ninjakiwi.com/btd6/users/9cba44df89c3faf3494ade4d0c76b722cc0c1fbfcb16da31,https://static-api.nkstatic.com/appdocs/4/assets/opendata/158a470e0cee590448f4cf8a509ee75e_ProfileAvatar108.png,14659,204233,1413963187,DocDapper,0,0,0,0.0,0.0,0.0,0.0,837780,502000,1851,192,0,,15525,12165,4124,4290,2741,1305,6882,5303,13224,6954,2043,754,1934,4567,4882,13048,5065,5642,579,31159,2668,9809,11475,899,487,434,1000,483,237,800,203,713,473,843,256,381,878,88,644,255,0,0,0,0,0,0,0,0,0,0,0,0,0,0,0,0,0,0,0,0,0,0,0,0,0,0,0,0,0,0,0,0,0,0,0,0,0,0,0,0,0,,0,nan
,0,https://data.ninjakiwi.com/btd6/users/9fbf1fdad790fda31a4b8d485e7ae071cb501fb99642896b,https://static-api.nkstatic.com/appdocs/4/assets/opendata/c91b34aa57f255f02b139d56ce8d083c_ProfileAvatar49.png,5279,40711,536203639,Flipschtik,0,0,0,0.0,0.0,0.0,0.0,853719,560600,746,1,0,,4118,1441,677,629,645,1281,2213,1595,3112,1356,664,622,441,948,802,1961,1851,1628,387,4799,870,3574,1281,513,151,50,202,99,44,111,43,207,90,441,88,205,210,37,1131,193,0,0,0,0,0,0,0,0,0,0,0,0,0,0,0,0,0,0,0,0,0,0,0,0,0,0,0,0,0,0,0,0,0,0,0,0,0,0,0,0,0,,0,nan
,0,https://data.ninjakiwi.com/btd6/users/9cea46df8ac5fbf61047da4b5b7be77fca561bed9915d93d,https://static-api.nkstatic.com/appdocs/4/assets/opendata/3adb5888878230a9d5c5cb15e12f1fe5_ProfileAvatar111.png,9993,107750,820889130,Bjay23,12,109,1044683,,,,,478045,464100,638,8,1,,10561,6536,1598,3808,1516,1417,3585,3189,7364,3966,1391,416,1465,2171,1805,7497,3778,3562,54,19098,1459,7134,4772,373,115,162,921,192,3,520,254,315,128,539,47,93,740,5,865,148,6,8,0,0,0,0,6,0,0,0,0,0,3,0,0,5,3,0,0,53,4,12,2,0,0,0,0,0,0,0,0,0,0,0,0,0,0,0,7,0,60,,0,nan
,0,https://data.ninjakiwi.com/btd6/users/9fbb12deda93f1f01d4a891f5e76e5719e0348e89742df69,https://static-api.nkstatic.com/appdocs/4/assets/opendata/e02ea1ca5d8bf94a54f7dc30a2258c4b_ProfileAvatar110.png,30855,250131,3417676738,ISAB,6,36,773148,,,,,410715,765700,706,2147,32,,25488,8684,2966,10819,6650,2697,18528,10579,10267,10745,3131,1948,2362,7961,4511,6001,23256,19850,2786,21195,5365,19926,3678,1064,1050,128,6852,338,260,1699,123,580,1494,1628,270,273,1206,471,2804,497,13,0,0,0,0,0,0,0,0,0,1,0,1,0,0,0,2,0,0,6,2,7,1,0,0,0,0,0,0,0,0,0,0,0,0,0,1,0,2,0,0,,0,nan
,0,https://data.ninjakiwi.com/btd6/users/9fb91e838bc5f8a610138f1f5e74ef759a0118e9cc428d6c,https://static-api.nkstatic.com/appdocs/4/assets/opendata/58c6650f0e67a4737d16441bb0358fc0_ProfileAvatar73.png,4016,38344,497428815,Mostafa,2,186,2133505,,,,,463690,870600,279,13,2,,3729,1805,985,1409,533,892,1840,1411,2742,1516,542,211,349,1334,902,2037,2281,1409,602,4162,1193,2933,1021,376,20,205,81,53,30,34,87,14,20,293,13,205,181,36,848,9,133,0,0,0,0,1,2,0,0,0,0,0,7,0,2,3,6,0,0,16,5,8,0,0,0,0,0,0,0,0,0,0,3,0,0,0,0,0,0,0,85,,0,nan
,0,https://data.ninjakiwi.com/btd6/users/9fbb458a8cc3f1a34a42db180927e57e99011aed9d14dc6c,https://static-api.nkstatic.com/appdocs/4/assets/opendata/e02041c502508f551690933405cb548d_ProfileAvatar96.png,7038,53944,888832712,Looooo,0,0,0,0.0,0.0,0.0,0.0,603795,557100,639,1,0,,4943,3292,1031,2531,2231,808,2075,1388,5594,2225,1129,786,851,1872,2688,3577,1879,2164,467,4231,1008,1817,982,657,301,135,380,151,50,265,50,52,264,166,81,59,392,12,1233,126,0,0,0,0,0,0,0,0,0,0,0,0,0,0,0,0,0,0,0,0,0,0,0,0,0,0,0,0,0,0,0,0,0,0,0,0,0,0,0,0,237,,0,nan
,0,https://data.ninjakiwi.com/btd6/users/9fb814d8d691aba14d138e1e0a7bb77ec50718b9cd18dc6d,https://static-api.nkstatic.com/appdocs/4/assets/opendata/8d1f5c0e0b236db312bc778b894501a7_ProfileAvatar40.png,1728,14538,210971078,Goodnight Sion,4,149,1028700,0.0,0.0,0.0,0.0,627725,548500,167,3,1,,1304,687,310,333,245,196,616,218,948,697,148,125,241,633,157,672,453,708,424,2491,389,702,270,328,8,69,437,17,0,13,10,19,64,93,1,76,28,12,386,9,4,7,0,0,1,0,3,0,4,4,0,0,0,8,0,2,0,0,0,94,5,11,3,0,0,0,0,0,0,0,0,0,0,0,0,0,0,0,3,0,0,,0,nan
,0,https://data.ninjakiwi.com/btd6/users/9cbb468ddfc7ffa01c43dd1f5826e523c8034befcc428c39,https://static-api.nkstatic.com/appdocs/4/assets/opendata/ff853797e300ae69f8fbe20acabac75b_ProfileAvatar106.png,2361,19909,204363983,EtherealEcho,1,23,74749,0.0,0.0,0.0,0.0,639715,523800,144,3,0,,1188,614,252,978,633,442,548,1235,1379,346,358,118,477,614,660,816,1400,1272,286,1239,682,799,855,535,290,68,68,20,46,45,1,140,68,162,14,51,131,30,225,23,1,0,0,0,0,0,1,1,0,0,0,0,2,0,0,2,1,0,0,10,0,3,0,0,0,0,0,0,0,0,0,0,2,0,0,0,0,0,0,0,30,,0,nan
,0,https://data.ninjakiwi.com/btd6/users/9fbb1489ddc4fbac1a14da4a0e77b07fcb034ee99717da6e,https://static-api.nkstatic.com/appdocs/4/assets/opendata/27759e5e005688c57acaf5cad2c790ac_ProfileAvatar56.png,4723,49713,466452658,2078273072,8,92,1717949,,,,,555040,472000,366,12,0,,4660,2784,915,1643,775,836,1827,1699,3830,3506,646,316,668,1357,576,3930,1802,1208,179,7395,1112,2744,2641,238,68,58,339,49,55,110,60,201,170,168,55,134,210,54,657,37,24,2,0,0,0,2,5,8,1,2,1,0,4,2,3,2,1,0,1,12,4,8,5,0,0,0,0,0,0,0,0,0,0,0,0,0,0,0,5,0,85,,0,nan
,0,https://data.ninjakiwi.com/btd6/users/9fbc1f8bd791adf71e4ada420c77b775cb0119bf9e10dc30,https://static-api.nkstatic.com/appdocs/4/assets/opendata/b1ef093283db879ae51f4dc27b82a5a0_ProfileAvatar37.png,4392,55489,560833491,1206634573,0,0,0,0.0,0.0,0.0,0.0,666636,394500,350,15,0,,5310,1827,548,1165,835,794,1362,1891,6942,2865,650,338,532,1917,1048,2368,1816,2286,708,10699,1368,3025,2056,573,11,20,674,39,7,648,16,214,35,222,17,40,109,8,491,14,0,0,0,0,0,0,0,0,0,0,0,0,0,0,0,0,0,0,0,0,0,0,0,0,0,0,0,0,0,0,0,0,0,0,0,0,0,0,0,0,52,,0,nan
,0,https://data.ninjakiwi.com/btd6/users/9fb917dfda93adf01f10dc4c5e74b270cc574ce99c10d83c,https://static-api.nkstatic.com/appdocs/4/assets/opendata/c91b34aa57f255f02b139d56ce8d083c_ProfileAvatar49.png,989,9384,106289013,kiyuki,0,0,53430,0.0,0.0,0.0,0.0,672719,537100,128,0,0,,1003,622,89,180,144,116,438,305,883,324,131,39,70,300,288,580,279,381,42,1544,219,551,247,80,15,1,20,2,1,6,3,4,38,72,12,5,101,3,235,10,0,0,0,0,0,0,0,0,0,0,0,0,0,0,0,0,0,0,0,0,0,0,0,0,0,0,0,0,0,0,0,0,0,0,0,0,0,0,0,0,21,,0,nan
,0,https://data.ninjakiwi.com/btd6/users/9fb846898d92aba71a4b8b180b71ee7e9a0d15ee9d158a3d,https://static-api.nkstatic.com/appdocs/4/assets/opendata/750d7ea2b83d46eb2f3445970a23f3d8_ProfileAvatar109.png,3282,24979,228150065,Dart Monkey,0,0,0,0.0,0.0,0.0,0.0,683030,504100,89,1,0,,4298,1002,267,1322,1185,395,1641,465,932,1062,666,205,361,711,759,664,1553,1205,289,1842,651,975,529,321,12,42,174,199,26,102,34,19,30,280,26,32,164,9,422,107,0,0,0,0,0,0,0,0,0,0,0,0,0,0,0,0,0,0,0,0,0,0,0,0,0,0,0,0,0,0,0,0,0,0,0,0,0,0,0,0,21,,0,nan
,0,https://data.ninjakiwi.com/btd6/users/9fbe44d8dc91f9a510408f180d20e27f9a074befca13d93d,https://static-api.nkstatic.com/appdocs/4/assets/opendata/3adb5888878230a9d5c5cb15e12f1fe5_ProfileAvatar111.png,9222,173695,651900093,2649935474,1,160,829237,0.0,0.0,0.0,0.0,597250,580600,795,496,0,,15948,9890,4695,6333,3756,2290,5880,4854,16941,6249,1045,353,1695,3256,5291,10754,3589,4052,106,34439,3631,13105,12244,163,128,110,982,29,1,19,172,547,88,124,34,152,148,2,560,39,2,1,3,0,2,1,1,3,9,3,2,0,6,4,24,3,1,0,2,43,29,10,11,0,0,0,0,0,0,0,0,0,0,0,0,0,0,0,0,0,210,,0,nan
,0,https://data.ninjakiwi.com/btd6/users/9cbb4388d6c0f1a51a14881e5872e673ce554bbdcd138c6a,https://static-api.nkstatic.com/appdocs/4/assets/opendata/6449232064814cb0ab3a695f10f67244_ProfileAvatar92.png,7890,47406,534698818,Snorrb,0,17,394731,0.0,0.0,0.0,0.0,671300,543000,1095,26,0,,4541,1701,847,733,1218,796,2327,2070,2709,1435,736,303,861,1051,638,2464,1313,1479,74,3848,1258,1714,1070,631,88,628,349,105,56,100,165,146,116,150,83,131,150,14,472,60,12,0,0,0,0,0,1,0,0,0,0,0,2,0,0,0,0,0,0,0,0,2,0,0,0,0,0,0,0,0,0,0,0,0,0,0,0,0,0,0,31,,0,nan
,0,https://data.ninjakiwi.com/btd6/users/9cee15dfdac0aff018148b1e5f73e371cc5648bbca10dd3c,https://static-api.nkstatic.com/appdocs/4/assets/opendata/27759e5e005688c57acaf5cad2c790ac_ProfileAvatar56.png,4555,49521,374713983,Crrapix,0,0,0,0.0,0.0,0.0,0.0,714580,578200,477,1,0,,4559,1138,904,1034,1404,730,2655,1397,2407,1005,638,76,469,1064,986,2455,1919,1093,349,6662,1495,2897,1461,192,44,107,125,16,86,61,86,197,108,204,18,30,301,10,623,124,0,0,0,0,0,0,0,0,0,0,0,0,0,0,0,0,0,0,0,0,0,0,0,0,0,0,0,0,0,0,0,0,0,0,0,0,0,0,0,0,0,,0,nan
,0,https://data.ninjakiwi.com/btd6/users/9fbc1ed8db97aba349118a480d71e075ca0d1ebd9d11da3f,https://static-api.nkstatic.com/appdocs/4/assets/opendata/4f4e181a56ff01af1cfd934d2d8da55d_ProfileAvatar90.png,5222,49457,489279520,Aristotel,3,8,290544,0.0,0.0,0.0,0.0,597805,531900,524,2,0,,3986,2464,452,1658,552,467,1697,2048,2363,2100,1073,368,754,3999,1069,2976,1636,1757,54,10365,709,3555,674,165,61,1265,0,94,52,140,0,81,66,233,177,56,101,3,114,72,1,0,0,0,0,0,1,1,0,1,0,0,0,0,0,0,1,0,0,0,0,2,0,0,0,1,0,0,0,0,0,0,0,0,0,0,0,0,0,0,180,,0,nan
,0,https://data.ninjakiwi.com/btd6/users/9fb81e8edfc7fff61a178b4d0b76e7719a561bb49b46d031,https://static-api.nkstatic.com/appdocs/4/assets/opendata/27759e5e005688c57acaf5cad2c790ac_ProfileAvatar56.png,2136,15899,227571343,Wmojie_,4,9,281758,0.0,0.0,0.0,0.0,609190,500000,90,1,0,,2774,637,152,516,243,183,912,467,784,609,916,82,159,531,171,361,1100,825,140,900,749,896,234,217,19,9,116,64,0,39,4,0,34,230,16,77,147,43,518,24,0,0,0,0,0,0,0,0,0,0,0,0,0,2,1,2,0,2,0,0,0,0,0,0,0,0,0,0,0,0,0,0,0,0,0,2,0,0,0,0,0,,0,nan
,0,https://data.ninjakiwi.com/btd6/users/9fbc418bd792fdf04e118e4c5974ef7e9d044ebbcb178c3d,https://static-api.nkstatic.com/appdocs/4/assets/opendata/c222d33c20b59c0a4d8d85fcb20e9ef4_ProfileAvatar33.png,1099,9244,78802261,AwesomeFreezer,0,0,0,0.0,0.0,0.0,0.0,618460,502500,97,1,0,,985,182,173,213,250,178,394,232,712,458,200,69,129,410,233,340,460,382,81,1448,217,511,403,137,10,14,86,0,3,29,0,15,24,71,0,61,47,0,75,11,0,0,0,0,0,0,0,0,0,0,0,0,0,0,0,0,0,0,0,0,0,0,0,0,0,0,0,0,0,0,0,0,0,0,0,0,0,0,0,0,85,,0,nan
,0,https://data.ninjakiwi.com/btd6/users/9fb946dedcc4faf018468a4a5d7ab223c8551abb9915d06b,https://static-api.nkstatic.com/appdocs/4/assets/opendata/27759e5e005688c57acaf5cad2c790ac_ProfileAvatar56.png,2485,23320,219871495,YuanShenMaster,0,0,0,0.0,0.0,0.0,0.0,657750,596100,140,5,0,,2291,1058,225,540,532,327,958,676,1865,1416,569,144,244,993,709,1022,1081,1028,843,3022,453,1317,493,205,64,24,69,15,12,347,20,24,45,125,26,24,61,67,361,24,0,0,0,0,0,0,0,0,0,0,0,0,0,0,0,0,0,0,0,0,0,0,0,0,0,0,0,0,0,0,0,0,0,0,0,0,0,0,0,0,1,,0,nan
,0,https://data.ninjakiwi.com/btd6/users/9fb942dede95faa11d1487185820b322cb0c19bb97458d6a,https://static-api.nkstatic.com/appdocs/4/assets/opendata/27759e5e005688c57acaf5cad2c790ac_ProfileAvatar56.png,3418,57931,879114719,Riley Y Davion,13,128,1553174,,,,,490065,665800,168,10,0,,3566,1920,2050,865,791,923,1712,1585,2490,1814,906,308,667,2115,332,5648,5682,1246,628,6271,820,3229,9659,379,26,40,430,18,4,541,438,187,17,44,16,258,70,4,218,13,31,1,0,0,0,1,5,0,1,0,0,0,8,0,0,2,3,0,1,29,15,17,7,0,0,0,0,0,0,0,0,0,0,0,0,0,0,0,7,0,26,,0,nan
,0,https://data.ninjakiwi.com/btd6/users/9ce913ddd793ffa04d438a1a5a7ae125cf011aeecf14dc6a,https://static-api.nkstatic.com/appdocs/4/assets/opendata/b1ef093283db879ae51f4dc27b82a5a0_ProfileAvatar37.png,6262,62938,527155436,littlebadgurl,0,0,0,0.0,0.0,0.0,0.0,611694,593800,600,35,0,,6208,3576,679,1238,848,618,2233,2802,4732,780,1041,123,753,1389,595,4954,1845,1787,213,14247,660,2074,550,382,144,493,465,76,16,543,61,41,68,202,54,203,144,42,563,50,0,0,0,0,0,0,0,0,0,0,0,0,0,0,0,0,0,0,0,0,0,0,0,0,0,0,0,0,0,0,0,0,0,0,0,0,0,0,0,0,75,,0,nan
,0,https://data.ninjakiwi.com/btd6/users/9fbc1ed8dfc7f8a41a45db4e0b25e723ce511ee9c844dd30,https://static-api.nkstatic.com/appdocs/4/assets/opendata/74f14994aa1c578f556126fe6cdcfded_ProfileAvatar85.png,6954,61275,652343330,qian mo,2,1,196504,0.0,0.0,0.0,0.0,611760,632400,601,39,0,,6859,3025,813,1391,972,493,1625,1206,5455,2924,953,325,651,2136,959,5739,1270,1793,235,10907,1597,3884,2541,428,52,113,291,22,30,334,64,457,134,174,21,243,210,41,872,35,0,0,0,0,0,0,0,0,0,0,0,0,0,0,0,0,0,0,0,1,0,0,0,0,0,0,0,0,0,0,0,0,0,0,0,0,0,0,0,0,0,,0,nan
,0,https://data.ninjakiwi.com/btd6/users/9cee13de89c7f8a018408c435775e321cc561dbfc845d13d,https://static-api.nkstatic.com/appdocs/4/assets/opendata/e3c677d5a970b17800555457972cd9f1_ProfileAvatar22.png,42567,270187,2692775628,Zuko,0,0,0,0.0,0.0,0.0,0.0,630695,572300,2333,60,0,,18029,4820,4056,5726,5972,1804,8399,8456,20138,8018,4340,3019,5091,10218,3585,6489,11508,6548,1030,33954,4494,15208,3704,879,717,952,4335,2850,90,482,398,566,1607,2443,811,392,1949,73,2639,580,0,0,0,0,0,0,0,0,0,0,0,0,0,0,0,0,0,0,0,0,0,0,0,0,0,0,0,0,0,0,0,0,0,0,0,0,0,0,0,0,0,,0,nan
,0,https://data.ninjakiwi.com/btd6/users/9fbc1ed98e96abf71c418f425e25e47f9d024cb8cc17da38,https://static-api.nkstatic.com/appdocs/4/assets/opendata/e02041c502508f551690933405cb548d_ProfileAvatar96.png,7121,68062,740067508,Player,8,33,1135336,0.0,0.0,0.0,0.0,578390,719800,473,6,0,,10912,3886,846,2017,491,604,1091,1731,7722,3358,476,1661,1103,2600,218,5892,538,2122,469,10936,1488,2069,2122,574,5,30,776,16,9,726,1,50,64,82,1,0,139,58,1084,94,4,3,0,5,1,0,0,0,0,0,0,0,0,0,0,5,2,4,0,0,0,2,0,0,0,0,0,0,0,7,0,0,0,0,0,0,0,0,0,0,34,,0,nan
,0,https://data.ninjakiwi.com/btd6/users/9ce9418ad6c2fff6184a8c1a0b75e77ecc0c19b89e11dc69,https://static-api.nkstatic.com/appdocs/4/assets/opendata/c1967adc6df2da4f101ef3112206484a_ProfileAvatar16.png,10690,118892,705909404,Jonya,3,146,681846,0.0,0.0,0.0,0.0,591020,779900,836,81,0,,12537,6903,2221,3632,2379,1405,4777,4343,13076,1977,1174,278,1167,3456,2326,8189,3600,4749,236,21197,3724,7853,3501,148,85,247,775,100,11,115,96,272,125,850,161,202,251,19,663,71,10,10,0,0,0,0,2,11,2,26,0,0,1,0,4,0,2,0,0,41,29,5,1,0,0,0,0,0,0,2,0,0,0,0,0,0,0,0,0,0,139,,0,nan
,0,https://data.ninjakiwi.com/btd6/users/9fba1f8bdfc2ada44e4a894b0b75ef779e021cb8cf13df3e,https://static-api.nkstatic.com/appdocs/4/assets/opendata/50113dcf0d0abda55e034354668add69_ProfileAvatar97.png,5968,49805,601630005,kanostar8,1,7,3527,0.0,0.0,0.0,0.0,608010,525600,473,8,0,,6443,2804,606,1367,1658,814,1631,1782,4822,2255,846,388,607,1919,761,3113,1448,1967,432,4723,1325,2704,1789,491,130,28,450,88,121,241,81,130,330,311,46,85,129,96,779,64,1,0,0,0,0,0,0,0,0,0,0,0,0,0,0,0,0,0,0,4,0,1,0,0,0,0,0,0,0,0,0,0,0,0,0,0,0,0,1,0,45,,0,nan
,0,https://data.ninjakiwi.com/btd6/users/9fbb17d989c4f1a34944874e5e77e676c9551fb89d128a3c,https://static-api.nkstatic.com/appdocs/4/assets/opendata/e0efcee62da40708a4c0a872f76bd89c_ProfileAvatar66.png,5389,37301,465855156,KiwiAce38772,0,0,0,0.0,0.0,0.0,0.0,613235,734000,657,2,0,,4817,2120,1206,680,695,646,1235,1211,2201,1678,1495,743,664,825,774,2367,1281,2094,115,3658,1350,1886,843,613,99,14,82,53,11,113,19,205,104,133,30,36,400,2,756,46,0,0,0,0,0,0,0,0,0,0,0,0,0,0,0,0,0,0,0,0,0,0,0,0,0,0,0,0,0,0,0,0,0,0,0,0,0,0,0,0,0,,0,nan
,0,https://data.ninjakiwi.com/btd6/users/9cea4188d992aff04a14de495c76e57499041cee9d13dc3c,https://static-api.nkstatic.com/appdocs/4/assets/opendata/51524359fcf0d2950590fed2a24ede0e_ProfileAvatar68.png,16065,102360,990693565,Minimum,0,10,77881,,,,,529535,640900,1303,45,0,,12180,4516,3277,8592,2573,1678,4454,3580,6158,4218,1574,1291,2853,3564,2889,5328,3693,4384,521,8634,3891,3476,3375,451,167,198,691,181,38,295,134,327,281,288,103,171,424,79,1685,148,0,0,0,0,0,0,0,0,0,0,0,0,0,0,0,0,2,0,3,0,1,2,2,0,0,0,0,0,0,0,0,0,0,0,0,0,0,0,0,0,165,,0,nan
,0,https://data.ninjakiwi.com/btd6/users/9fb917d8dfc0fcf11016871d5f71e17498561eef9e468e38,https://static-api.nkstatic.com/appdocs/4/assets/opendata/e02041c502508f551690933405cb548d_ProfileAvatar96.png,3926,34140,293780298,KING_OF_TURTLE,0,0,0,0.0,0.0,0.0,0.0,577340,815900,268,4,0,,4686,1543,416,929,892,824,1580,1305,2298,1270,442,260,268,1019,457,2135,1425,1873,249,3986,820,2441,1105,195,81,4,214,27,14,36,48,133,61,195,4,159,57,51,602,35,0,0,0,0,0,0,0,0,0,0,0,0,0,0,0,0,0,0,0,0,0,0,0,0,0,0,0,0,0,0,0,0,0,0,0,0,0,0,0,0,139,,0,nan
,0,https://data.ninjakiwi.com/btd6/users/9fbc1ed98a96faa218458e435d76e677cb071fea9d178d6e,https://static-api.nkstatic.com/appdocs/4/assets/opendata/b1ef093283db879ae51f4dc27b82a5a0_ProfileAvatar37.png,5381,28264,550830071,lelapinblanc,0,0,0,0.0,0.0,0.0,0.0,604345,595500,225,5,0,,2658,466,514,356,295,325,1265,877,1167,1004,423,182,198,2899,1291,2032,4314,1147,143,743,808,1102,401,374,24,19,1129,16,8,52,8,56,52,720,6,108,298,9,763,11,0,0,0,0,0,0,0,0,0,0,0,0,0,0,0,0,0,0,0,0,0,0,0,0,0,0,0,0,0,0,0,0,0,0,0,0,0,0,0,0,81,,0,nan
,0,https://data.ninjakiwi.com/btd6/users/9fbe13de8e91fea51116dd420e7ae67fce0114bccb17dc69,https://static-api.nkstatic.com/appdocs/4/assets/opendata/c91b34aa57f255f02b139d56ce8d083c_ProfileAvatar49.png,3303,96750,324432594,pllan,10,155,611682,,,,,417765,603000,435,115,1,,11458,3866,2398,2227,1531,1432,4752,3142,8887,2287,471,112,1366,511,3048,6766,2730,1581,90,19622,2549,6639,7575,110,4,5,737,3,3,60,13,289,39,41,31,63,45,26,230,10,13,17,0,0,0,2,0,2,0,43,0,0,3,0,0,1,0,1,0,14,38,5,10,0,0,0,4,0,0,2,0,0,0,0,0,0,0,0,0,0,60,,0,nan
,0,https://data.ninjakiwi.com/btd6/users/9fbb14d9de96feac1b108e180c7aee779a5715efcb10da6b,https://static-api.nkstatic.com/appdocs/4/assets/opendata/58c6650f0e67a4737d16441bb0358fc0_ProfileAvatar73.png,1194,7064,84003506,koishi!,7,56,126157,,,,,440075,514600,52,4,0,,456,330,83,235,119,127,213,410,345,309,102,27,115,134,124,574,211,387,22,1109,247,519,400,73,56,0,73,20,1,2,10,38,11,77,0,4,21,5,74,0,0,0,7,0,0,1,0,1,0,0,0,0,0,0,5,1,0,0,0,23,4,7,3,0,0,0,0,0,0,0,0,0,0,0,0,0,0,0,4,0,26,,0,nan
,0,https://data.ninjakiwi.com/btd6/users/9fbd10ddd891afa01942871f5620b3709f0214bd9b118d3d,https://static-api.nkstatic.com/appdocs/4/assets/opendata/74f14994aa1c578f556126fe6cdcfded_ProfileAvatar85.png,15734,149603,1729582231,baiyu,0,0,16399,,,,,417085,1757400,692,220,0,,10303,4853,1986,10162,2758,1478,10853,6046,9590,7412,4891,512,920,11510,1831,7342,6430,6327,54,15868,5034,9295,7083,194,42,79,576,39,4,3236,99,487,178,161,96,226,417,9,1192,29,0,0,0,0,0,0,0,0,0,0,0,0,0,0,0,0,0,0,0,0,0,0,0,0,0,0,0,0,0,0,0,0,0,0,0,0,0,0,0,0,60,,0,nan
,0,https://data.ninjakiwi.com/btd6/users/9fba17dd8dc0f8f64d1388435a72b424cd0d4fbccc468c3a,https://static-api.nkstatic.com/appdocs/4/assets/opendata/3adb5888878230a9d5c5cb15e12f1fe5_ProfileAvatar111.png,3824,29458,276796584,Raywww,0,10,68130,,,,,564840,686700,280,0,0,,2978,605,385,873,403,357,3761,847,2662,1193,413,90,295,920,411,981,386,719,278,4025,831,1661,729,669,31,46,236,70,4,20,59,60,24,99,8,1511,105,53,636,23,1,0,0,0,0,0,0,0,1,0,0,0,1,0,0,0,0,0,0,2,1,3,0,0,0,0,0,0,0,1,0,0,0,0,0,0,0,0,0,0,60,,0,nan
,0,https://data.ninjakiwi.com/btd6/users/9cee1f8ddcc7f9a21f47864f5722ee22cc5714ea9d17d93a,https://static-api.nkstatic.com/appdocs/4/assets/opendata/c91b34aa57f255f02b139d56ce8d083c_ProfileAvatar49.png,12036,105172,511000540,Salmonella,5,7,276,,,,,387720,830100,614,10,0,,3331,1532,848,691,400,359,548,1653,1383,509,493,109,253,409,409,1470,937,3447,29,5384,768,2185,1757,269,21,18,759,111,10,10,437,54,1530,740,178,404,95,0,111,66,2,0,0,0,0,0,0,0,0,0,0,0,0,0,0,0,0,0,0,5,0,0,0,0,0,0,0,0,0,0,0,0,0,0,0,0,0,0,0,0,0,,0,nan
,0,https://data.ninjakiwi.com/btd6/users/9cea168bd796a8a711138b4a5a27e77fce0319bec8108b39,https://static-api.nkstatic.com/appdocs/4/assets/opendata/3adb5888878230a9d5c5cb15e12f1fe5_ProfileAvatar111.png,25111,186038,1427592540,Bobby,0,52,436394,,,,,527535,540700,1862,36,0,,18534,10885,5068,4134,3113,1846,7402,8787,12916,5181,1614,1246,2035,5919,3244,11760,9535,6163,159,28005,4620,11834,3560,524,122,524,4030,374,28,365,129,251,855,1179,316,79,823,26,863,430,25,0,6,0,5,3,4,0,0,0,0,0,1,0,0,4,0,0,0,1,1,2,0,0,0,0,0,0,0,0,0,0,0,0,0,0,0,0,0,0,26,,0,nan
,0,https://data.ninjakiwi.com/btd6/users/9fbd448c8d93faa0114adb425822e37698014eb9cf17da3d,https://static-api.nkstatic.com/appdocs/4/assets/opendata/4f4e181a56ff01af1cfd934d2d8da55d_ProfileAvatar90.png,3413,31095,413856161,wizardninja,0,0,0,0.0,0.0,0.0,0.0,592900,363800,207,1,0,,3752,1082,665,1319,615,834,820,1358,1310,855,458,340,408,1385,286,1665,787,725,440,3091,623,2037,3208,788,44,63,66,71,291,189,362,83,132,83,96,75,76,294,270,48,0,0,0,0,0,0,0,0,0,0,0,0,0,0,0,0,0,0,0,0,0,0,0,0,0,0,0,0,0,0,0,0,0,0,0,0,0,0,0,0,0,,0,nan
,0,https://data.ninjakiwi.com/btd6/users/9fbe45888d91adf31a44dc435774e1759a571dbc9c45df69,https://static-api.nkstatic.com/appdocs/4/assets/opendata/e0efcee62da40708a4c0a872f76bd89c_ProfileAvatar66.png,1000,10825,122686638,Christmas,0,0,0,,,,,50159,44900,112,10,0,,594,992,298,231,199,135,576,240,332,236,138,79,213,265,333,1119,556,422,27,1683,442,653,654,66,0,72,44,0,2,0,7,44,3,50,12,0,50,0,49,8,0,0,0,0,0,0,0,0,0,0,0,0,0,0,0,0,0,0,0,0,0,0,0,0,0,0,0,0,0,0,0,0,0,0,0,0,0,0,0,0,0,,0,nan
,0,https://data.ninjakiwi.com/btd6/users/9fbe1f8f8c92f9f01d4b884a5e25e0709e0448edcf45da6b,https://static-api.nkstatic.com/appdocs/4/assets/opendata/863b5262473714f3bd186e93e337a3ff_ProfileAvatar95.png,15553,112037,684620473,BloonGoon,0,0,0,,,,,380665,557900,746,28,0,,9640,3823,4417,7677,5442,2393,4073,4226,7624,3867,1508,1924,1191,3013,2435,4290,5418,8587,409,9412,3504,6630,5492,591,72,65,595,63,1,104,144,385,1112,261,386,161,177,48,721,152,0,0,0,0,0,0,0,0,0,0,0,0,0,0,0,0,0,0,0,0,0,0,0,0,0,0,0,0,0,0,0,0,0,0,0,0,0,0,0,0,0,,0,nan
,0,https://data.ninjakiwi.com/btd6/users/9fbe4588dbc0aba04e43de4b5f71e124c80d49b59e458e6e,https://static-api.nkstatic.com/appdocs/4/assets/opendata/915b9da1e2680be3b720bb25544f08e1_ProfileAvatar77.png,1983,17227,138973744,SirYoshi,0,0,0,,,,,383140,763200,150,0,0,,1812,895,520,413,284,392,691,550,1177,758,226,92,243,534,280,914,655,614,127,3150,320,1181,471,219,14,23,123,8,2,65,3,15,29,53,14,44,60,6,239,10,0,0,0,0,0,0,0,0,0,0,0,0,0,0,0,0,0,0,0,0,0,0,0,0,0,0,0,0,0,0,0,0,0,0,0,0,0,0,0,0,0,,0,nan
,0,https://data.ninjakiwi.com/btd6/users/9cee45dfdbc2aca14d13de1e0e72ee77ce0d1bb4c846de6a,https://static-api.nkstatic.com/appdocs/4/assets/opendata/e0efcee62da40708a4c0a872f76bd89c_ProfileAvatar66.png,4494,31058,377947206,Buenacompaia,0,0,0,,,,,383860,682500,503,2,0,,3240,1343,1119,1153,490,540,1299,1617,1933,819,356,270,544,951,761,2074,893,1452,471,3698,765,1917,644,354,68,150,323,68,6,154,24,96,35,132,221,138,197,36,317,39,0,0,0,0,0,0,0,0,0,0,0,0,0,0,0,0,0,0,0,0,0,0,0,0,0,0,0,0,0,0,0,0,0,0,0,0,0,0,0,0,0,,0,nan
,0,https://data.ninjakiwi.com/btd6/users/9fb8138a8bc0faf61b16861a5e74b575c4071eb59614da6a,https://static-api.nkstatic.com/appdocs/4/assets/opendata/4f4e181a56ff01af1cfd934d2d8da55d_ProfileAvatar90.png,431,6332,56363694,YT: Andre8657,0,0,0,,,,,390645,930100,14,22,0,,368,130,53,173,193,95,120,333,322,262,93,14,42,109,314,150,168,241,35,921,445,434,834,329,0,0,26,0,0,22,27,21,1,23,0,0,8,2,24,0,0,0,0,0,0,0,0,0,0,0,0,0,0,0,0,0,0,0,0,0,0,0,0,0,0,0,0,0,0,0,0,0,0,0,0,0,0,0,0,0,0,,0,nan
,0,https://data.ninjakiwi.com/btd6/users/9fbe12d88bc3fea61e45de4b5875e521ce5118e89843893a,https://static-api.nkstatic.com/appdocs/4/assets/opendata/7a36b416a716db9bca6068d85780c3ee_ProfileAvatar65.png,4519,43221,508403351,GoobsJrs,0,0,0,,,,,415500,575600,637,6,0,,5367,2438,1048,2371,1537,822,1219,1245,2403,2151,703,305,766,1777,1627,2000,987,1617,277,4657,2801,1898,649,373,47,26,438,47,64,55,57,91,192,173,25,61,191,50,639,26,0,0,0,0,0,0,0,0,0,0,0,0,0,0,0,0,0,0,0,0,0,0,0,0,0,0,0,0,0,0,0,0,0,0,0,0,0,0,0,0,0,,0,nan
,0,https://data.ninjakiwi.com/btd6/users/9cb910df8e9ffda119408d4a5e27b726cf004eea9846d13d,https://static-api.nkstatic.com/appdocs/4/assets/opendata/bd3f5ab674d61e4fdf5ecb48b19ddc9c_ProfileAvatar35.png,24826,118024,912271611,Calone,0,0,0,,,,,416595,787700,1292,21,0,,14780,4678,1368,2538,2946,1729,4341,3790,3179,1985,1187,433,1359,1819,1905,6399,4806,3816,63,9579,2484,6431,3155,559,232,225,607,267,45,173,458,868,604,465,233,306,906,41,586,262,0,0,0,0,0,0,0,0,0,0,0,0,0,0,0,0,0,0,0,0,0,0,0,0,0,0,0,0,0,0,0,0,0,0,0,0,0,0,0,0,0,,0,nan
,0,https://data.ninjakiwi.com/btd6/users/9ce9418e8dc2adf118138d4a5b20e77f9f064cbe9619d938,https://static-api.nkstatic.com/appdocs/4/assets/opendata/db32af61df5646951a18c60fe0013a31_ProfileAvatar01.png,45560,348066,3149619824,Irrlicht,0,0,0,,,,,475760,538400,1540,739,0,,37982,20126,13402,22207,15940,4788,11217,12769,17483,12206,4288,6785,4547,14466,7684,15168,29276,12720,1827,28691,8715,16525,7260,1798,461,262,2650,721,151,1456,389,599,4393,1850,631,399,1439,263,3699,832,0,0,0,0,0,0,0,0,0,0,0,0,0,0,0,0,0,0,0,0,0,0,0,0,0,0,0,0,0,0,0,0,0,0,0,0,0,0,0,0,0,,0,nan
